{
  "cases": [
    "na1d_k7_s1_d1_noncausal",
    "na1d_k9_s1_d2_causal_L512_D64",
    "na1d_k7_s1_d1_noncausal_L1024_D64",
    "na2d_k7x7_s1_d1_noncausal",
    "na3d_k3x3x3_s1_d1_noncausal",
    "split_na2d_qk_grad_k_k7_s1_d1_noncausal",
    "split_na3d_qk_grad_k_k3_s1_d1_noncausal"
  ],
  "generated_at_utc": "2026-02-22T04:59:39.819363+00:00",
  "min_speedup": 1.2,
  "platform": "macOS-26.3-arm64-arm-64bit",
  "python": "3.11.11",
  "results": {
    "fast_metal": {
      "na1d_k7_s1_d1_noncausal": {
        "max_ms": 0.33991699456237257,
        "mean_ms": 0.3104654945976411,
        "median_ms": 0.31285449222195894,
        "min_ms": 0.26545801665633917,
        "raw_max_ms": 0.35112499608658254,
        "raw_mean_ms": 0.3107966258539818,
        "raw_median_ms": 0.31489599496126175,
        "raw_min_ms": 0.26545801665633917,
        "raw_stdev_ms": 0.01764981568965281,
        "raw_trials": 24,
        "round_median_ms": [
          0.31285449222195894,
          0.31589550781063735,
          0.2819794899551198
        ],
        "round_raw_median_ms": [
          0.31489599496126175,
          0.31547900289297104,
          0.2777499903459102
        ],
        "rounds": 3,
        "speedup_vs_pure": 2.9771555653915818,
        "stdev_ms": 0.015321770306635566,
        "trim_head": 2,
        "trimmed_trials": 18
      },
      "na1d_k7_s1_d1_noncausal_L1024_D64": {
        "max_ms": 0.3814169904217124,
        "mean_ms": 0.32886784174479544,
        "median_ms": 0.3298745141364634,
        "min_ms": 0.31458301236853004,
        "raw_max_ms": 0.3814169904217124,
        "raw_mean_ms": 0.3296612558187917,
        "raw_median_ms": 0.3298745141364634,
        "raw_min_ms": 0.31458301236853004,
        "raw_stdev_ms": 0.005392287959285265,
        "raw_trials": 24,
        "round_median_ms": [
          0.3233540046494454,
          0.3298745141364634,
          0.33906250610016286
        ],
        "round_raw_median_ms": [
          0.3233540046494454,
          0.3298745141364634,
          0.3365620068507269
        ],
        "rounds": 3,
        "speedup_vs_pure": 3.027540623669427,
        "stdev_ms": 0.006443715785532527,
        "trim_head": 2,
        "trimmed_trials": 18
      },
      "na1d_k9_s1_d2_causal_L512_D64": {
        "max_ms": 0.3986660158261657,
        "mean_ms": 0.3315900006176283,
        "median_ms": 0.3183954977430403,
        "min_ms": 0.29666698537766933,
        "raw_max_ms": 0.3986660158261657,
        "raw_mean_ms": 0.3299635027360637,
        "raw_median_ms": 0.3224579995730892,
        "raw_min_ms": 0.29666698537766933,
        "raw_stdev_ms": 0.006341486767325386,
        "raw_trials": 24,
        "round_median_ms": [
          0.31185400439426303,
          0.3183954977430403,
          0.3273960028309375
        ],
        "round_raw_median_ms": [
          0.3111455007456243,
          0.3224579995730892,
          0.3260205121478066
        ],
        "rounds": 3,
        "speedup_vs_pure": 1.7701380970688627,
        "stdev_ms": 0.0063714113426474785,
        "trim_head": 2,
        "trimmed_trials": 18
      },
      "na2d_k7x7_s1_d1_noncausal": {
        "max_ms": 0.5452499899547547,
        "mean_ms": 0.4815205029444769,
        "median_ms": 0.47370800166390836,
        "min_ms": 0.4494170134421438,
        "raw_max_ms": 0.5452499899547547,
        "raw_mean_ms": 0.48510925626032986,
        "raw_median_ms": 0.47739599540363997,
        "raw_min_ms": 0.4494170134421438,
        "raw_stdev_ms": 0.014967021307658045,
        "raw_trials": 24,
        "round_median_ms": [
          0.501874994370155,
          0.47370800166390836,
          0.47041701327543706
        ],
        "round_raw_median_ms": [
          0.501874994370155,
          0.47739599540363997,
          0.4659999976865947
        ],
        "rounds": 3,
        "speedup_vs_pure": 4.084090862872526,
        "stdev_ms": 0.01411781639254472,
        "trim_head": 2,
        "trimmed_trials": 18
      },
      "na3d_k3x3x3_s1_d1_noncausal": {
        "max_ms": 0.48424999113194644,
        "mean_ms": 0.3436734987189993,
        "median_ms": 0.33718699705787003,
        "min_ms": 0.2962500147987157,
        "raw_max_ms": 0.48424999113194644,
        "raw_mean_ms": 0.3472446260275319,
        "raw_median_ms": 0.3384369920240715,
        "raw_min_ms": 0.2962500147987157,
        "raw_stdev_ms": 0.007796697042116783,
        "raw_trials": 24,
        "round_median_ms": [
          0.33718699705787003,
          0.3436249971855432,
          0.3227505076210946
        ],
        "round_raw_median_ms": [
          0.3384369920240715,
          0.34522899659350514,
          0.3263749968027696
        ],
        "rounds": 3,
        "speedup_vs_pure": 2.9300003012345353,
        "stdev_ms": 0.008728016113377032,
        "trim_head": 2,
        "trimmed_trials": 18
      },
      "split_na2d_qk_grad_k_k7_s1_d1_noncausal": {
        "max_ms": 0.20500001846812665,
        "mean_ms": 0.19574300191986063,
        "median_ms": 0.19652099581435323,
        "min_ms": 0.18545801867730916,
        "raw_max_ms": 0.21420902339741588,
        "raw_mean_ms": 0.19764575336012058,
        "raw_median_ms": 0.19735399109777063,
        "raw_min_ms": 0.18312502652406693,
        "raw_stdev_ms": 0.005614836934245632,
        "raw_trials": 24,
        "round_median_ms": [
          0.18841649580281228,
          0.20135399245191365,
          0.19652099581435323
        ],
        "round_raw_median_ms": [
          0.1879579940577969,
          0.20135399245191365,
          0.19735399109777063
        ],
        "rounds": 3,
        "speedup_vs_pure": 5.6749661232063815,
        "stdev_ms": 0.005337702340492031,
        "trim_head": 2,
        "trimmed_trials": 18
      },
      "split_na3d_qk_grad_k_k3_s1_d1_noncausal": {
        "max_ms": 0.2220410096924752,
        "mean_ms": 0.16989600165591887,
        "median_ms": 0.16947949188761413,
        "min_ms": 0.16091600991785526,
        "raw_max_ms": 0.2220410096924752,
        "raw_mean_ms": 0.17005225163302384,
        "raw_median_ms": 0.16989599680528045,
        "raw_min_ms": 0.16091600991785526,
        "raw_stdev_ms": 0.004489032689449193,
        "raw_trials": 24,
        "round_median_ms": [
          0.1774789998307824,
          0.16593749751336873,
          0.16947949188761413
        ],
        "round_raw_median_ms": [
          0.1774789998307824,
          0.16679149121046066,
          0.16989599680528045
        ],
        "rounds": 3,
        "speedup_vs_pure": 4.433430197564221,
        "stdev_ms": 0.004827515201919376,
        "trim_head": 2,
        "trimmed_trials": 18
      }
    },
    "nanobind": {
      "na1d_k7_s1_d1_noncausal": {
        "max_ms": 0.4400409816298634,
        "mean_ms": 0.3186665029109766,
        "median_ms": 0.30958300339989364,
        "min_ms": 0.27345799026079476,
        "raw_max_ms": 0.4400409816298634,
        "raw_mean_ms": 0.31447400033357553,
        "raw_median_ms": 0.30947901541367173,
        "raw_min_ms": 0.27345799026079476,
        "raw_stdev_ms": 0.006694877793588463,
        "raw_trials": 24,
        "round_median_ms": [
          0.30854200304020196,
          0.31718700483907014,
          0.30958300339989364
        ],
        "round_raw_median_ms": [
          0.2985835017170757,
          0.31464549829252064,
          0.30947901541367173
        ],
        "rounds": 3,
        "speedup_vs_pure": 3.008616372499093,
        "stdev_ms": 0.0038534339049492313,
        "trim_head": 2,
        "trimmed_trials": 18
      },
      "na1d_k7_s1_d1_noncausal_L1024_D64": {
        "max_ms": 0.3990829864051193,
        "mean_ms": 0.3595488330271716,
        "median_ms": 0.3562915080692619,
        "min_ms": 0.3327089943923056,
        "raw_max_ms": 0.3990829864051193,
        "raw_mean_ms": 0.3580836237233598,
        "raw_median_ms": 0.35666699113789946,
        "raw_min_ms": 0.3245419939048588,
        "raw_stdev_ms": 0.008157216039899013,