{
  "cases": [
    "na1d_k7_s1_d1_noncausal",
    "na1d_k9_s1_d2_causal_L512_D64",
    "na1d_k7_s1_d1_noncausal_L1024_D64",
    "na2d_k7x7_s1_d1_noncausal",
    "na3d_k3x3x3_s1_d1_noncausal",
    "split_na2d_qk_grad_k_k7_s1_d1_noncausal",
    "split_na3d_qk_grad_k_k3_s1_d1_noncausal"
  ],
  "generated_at_utc": "2026-02-22T10:59:26.981766+00:00",
  "min_speedup": 1.2,
  "platform": "macOS-26.3-arm64-arm-64bit",
  "python": "3.11.11",
  "results": {
    "fast_metal": {
      "na1d_k7_s1_d1_noncausal": {
        "max_ms": 0.4098330100532621,
        "mean_ms": 0.3008613275596872,
        "median_ms": 0.2959374978672713,
        "min_ms": 0.26404199888929725,
        "raw_max_ms": 0.4098330100532621,
        "raw_mean_ms": 0.2985208702739328,
        "raw_median_ms": 0.2895414945669472,
        "raw_min_ms": 0.26404199888929725,
        "raw_stdev_ms": 0.003481169680367324,
        "raw_trials": 24,
        "round_median_ms": [
          0.2959374978672713,
          0.29629199707414955,
          0.28989551356062293
        ],
        "round_raw_median_ms": [
          0.29564548458438367,
          0.2895414945669472,
          0.2874369965866208
        ],
        "rounds": 3,
        "speedup_vs_pure": 3.533404878969861,
        "stdev_ms": 0.002935344866891573,
        "trim_head": 2,
        "trimmed_trials": 18
      },
      "na1d_k7_s1_d1_noncausal_L1024_D64": {
        "max_ms": 0.4480420029722154,
        "mean_ms": 0.311937498433205,
        "median_ms": 0.31349949131254107,
        "min_ms": 0.2971250214613974,
        "raw_max_ms": 0.4480420029722154,
        "raw_mean_ms": 0.3097188782703597,
        "raw_median_ms": 0.309291499434039,
        "raw_min_ms": 0.2921659906860441,
        "raw_stdev_ms": 0.003284675357063162,
        "raw_trials": 24,
        "round_median_ms": [
          0.31349949131254107,
          0.30639600299764425,
          0.3205834946129471
        ],
        "round_raw_median_ms": [
          0.309291499434039,
          0.30854149372316897,
          0.31585400574840605
        ],
        "rounds": 3,
        "speedup_vs_pure": 3.245218968617061,
        "stdev_ms": 0.005792021018745705,
        "trim_head": 2,
        "trimmed_trials": 18
      },
      "na1d_k9_s1_d2_causal_L512_D64": {
        "max_ms": 0.4642919811885804,
        "mean_ms": 0.33190983716243255,
        "median_ms": 0.3313545021228492,
        "min_ms": 0.31616698834113777,
        "raw_max_ms": 0.4642919811885804,
        "raw_mean_ms": 0.33965637703659013,
        "raw_median_ms": 0.33272901782765985,
        "raw_min_ms": 0.31125001260079443,
        "raw_stdev_ms": 0.010474210624081782,
        "raw_trials": 24,
        "round_median_ms": [
          0.3632705193012953,
          0.3313545021228492,
          0.3307290025986731
        ],
        "round_raw_median_ms": [
          0.35422900691628456,
          0.3313545021228492,
          0.33272901782765985
        ],
        "rounds": 3,
        "speedup_vs_pure": 1.7866695815482025,
        "stdev_ms": 0.015194932311269827,
        "trim_head": 2,
        "trimmed_trials": 18
      },
      "na2d_k7x7_s1_d1_noncausal": {
        "max_ms": 0.5876249924767762,
        "mean_ms": 0.49264583018763614,
        "median_ms": 0.4861250054091215,
        "min_ms": 0.4394999996293336,
        "raw_max_ms": 0.5876249924767762,
        "raw_mean_ms": 0.49346349624102004,
        "raw_median_ms": 0.4810619866475463,
        "raw_min_ms": 0.4394999996293336,
        "raw_stdev_ms": 0.0036512915406451225,
        "raw_trials": 24,
        "round_median_ms": [
          0.4772085085278377,
          0.5040414980612695,
          0.4861250054091215
        ],
        "round_raw_median_ms": [
          0.4772085085278377,
          0.4810619866475463,
          0.4861250054091215
        ],
        "rounds": 3,
        "speedup_vs_pure": 4.005014090773896,
        "stdev_ms": 0.011158026273542983,
        "trim_head": 2,
        "trimmed_trials": 18
      },
      "na3d_k3x3x3_s1_d1_noncausal": {
        "max_ms": 0.5231249961070716,
        "mean_ms": 0.33159716986119747,
        "median_ms": 0.33331250597257167,
        "min_ms": 0.31420798040926456,
        "raw_max_ms": 0.5231249961070716,
        "raw_mean_ms": 0.3382187460374553,
        "raw_median_ms": 0.3351875056978315,
        "raw_min_ms": 0.3030840016435832,
        "raw_stdev_ms": 0.005210694468203594,
        "raw_trials": 24,
        "round_median_ms": [
          0.34560399944894016,
          0.3316249931231141,
          0.33331250597257167
        ],
        "round_raw_median_ms": [
          0.34402050368953496,
          0.3316249931231141,
          0.3351875056978315
        ],
        "rounds": 3,
        "speedup_vs_pure": 3.0183145986819246,
        "stdev_ms": 0.00623022319338185,
        "trim_head": 2,
        "trimmed_trials": 18
      },
      "split_na2d_qk_grad_k_k7_s1_d1_noncausal": {
        "max_ms": 0.302250002278015,
        "mean_ms": 0.19654866870647916,
        "median_ms": 0.18491649825591594,
        "min_ms": 0.1763329782988876,
        "raw_max_ms": 0.302250002278015,
        "raw_mean_ms": 0.1953698774741497,
        "raw_median_ms": 0.18491649825591594,
        "raw_min_ms": 0.1763329782988876,
        "raw_stdev_ms": 0.0065466988583235365,
        "raw_trials": 24,
        "round_median_ms": [
          0.18093749531544745,
          0.18491649825591594,
          0.19679150136653334
        ],
        "round_raw_median_ms": [
          0.1815209980122745,
          0.18491649825591594,
          0.19679150136653334
        ],
        "rounds": 3,
        "speedup_vs_pure": 5.990314671845815,
        "stdev_ms": 0.006734634124725854,
        "trim_head": 2,
        "trimmed_trials": 18
      },
      "split_na3d_qk_grad_k_k3_s1_d1_noncausal": {
        "max_ms": 0.2760829811450094,
        "mean_ms": 0.16683349773908654,
        "median_ms": 0.16208300075959414,
        "min_ms": 0.14691599062643945,
        "raw_max_ms": 0.2760829811450094,
        "raw_mean_ms": 0.16657299784128554,
        "raw_median_ms": 0.16500000492669642,
        "raw_min_ms": 0.14691599062643945,
        "raw_stdev_ms": 0.004636237673875754,
        "raw_trials": 24,
        "round_median_ms": [
          0.1636875094845891,
          0.16208300075959414,
          0.1591875043231994
        ],
        "round_raw_median_ms": [
          0.16500000492669642,
          0.17345800006296486,
          0.16266600869130343
        ],
        "rounds": 3,
        "speedup_vs_pure": 4.514788621812439,
        "stdev_ms": 0.0018621491262127347,
        "trim_head": 2,
        "trimmed_trials": 18
      }
    },
    "nanobind": {
      "na1d_k7_s1_d1_noncausal": {
        "max_ms": 0.7095840119291097,
        "mean_ms": 0.6251320010051131,
        "median_ms": 0.6107505032559857,
        "min_ms": 0.549457996385172,
        "raw_max_ms": 0.7095840119291097,
        "raw_mean_ms": 0.6167136234580539,
        "raw_median_ms": 0.6163339858176187,
        "raw_min_ms": 0.549457996385172,
        "raw_stdev_ms": 0.012019903288214421,
        "raw_trials": 24,
        "round_median_ms": [
          0.5537084944080561,
          0.6107505032559857,
          0.6300619861576706
        ],
        "round_raw_median_ms": [
          0.6163339858176187,
          0.6046249909559265,
          0.6338744860840961
        ],
        "rounds": 3,
        "speedup_vs_pure": 1.7121017391877213,
        "stdev_ms": 0.03241498255715812,
        "trim_head": 2,
        "trimmed_trials": 18
      },
      "na1d_k7_s1_d1_noncausal_L1024_D64": {
        "max_ms": 0.9836250101216137,
        "mean_ms": 0.8406183284629757,
        "median_ms": 0.8443749829893932,
        "min_ms": 0.7706670148763806,
        "raw_max_ms": 0.9836250101216137,
        "raw_mean_ms": 0.8361666223208886,
        "raw_median_ms": 0.8443749829893932,
        "raw_min_ms": 0.7627920131199062,
        "raw_stdev_ms": 0.014842744813329138,
        "raw_trials": 24,