{
  "cases": [
    {
      "name": "na1d_k7_s1_d1_noncausal"
    },
    {
      "name": "na2d_k7x7_s1_d1_noncausal"
    },
    {
      "name": "na3d_k3x3x3_s1_d1_noncausal"
    }
  ],
  "generated_at_utc": "2026-02-21T18:27:54.744969+00:00",
  "platform": "macOS-26.3-arm64-arm-64bit",
  "python": "3.11.11",
  "results": {
    "fast_metal": {
      "na1d_k7_s1_d1_noncausal": {
        "backward": {
          "max_ms": 0.9517500002402812,
          "mean_ms": 0.7145431207027286,
          "median_ms": 0.686624989612028,
          "min_ms": 0.6437079864554107,
          "stdev_ms": 0.07293414552022472
        },
        "forward": {
          "max_ms": 0.38137499359436333,
          "mean_ms": 0.2240283170249313,
          "median_ms": 0.21070899674668908,
          "min_ms": 0.19129100837744772,
          "stdev_ms": 0.04547825931046454
        }
      },
      "na2d_k7x7_s1_d1_noncausal": {
        "backward": {
          "max_ms": 2.644958993187174,
          "mean_ms": 2.368573321728036,
          "median_ms": 2.3110840120352805,
          "min_ms": 2.2314999951049685,
          "stdev_ms": 0.1256440570629816
        },
        "forward": {
          "max_ms": 0.7850410183891654,
          "mean_ms": 0.7189416023902595,
          "median_ms": 0.7142079994082451,
          "min_ms": 0.6579159817192703,
          "stdev_ms": 0.03596677385195568
        }
      },
      "na3d_k3x3x3_s1_d1_noncausal": {
        "backward": {
          "max_ms": 2.445874997647479,
          "mean_ms": 2.0284617168363184,
          "median_ms": 2.0098339882679284,
          "min_ms": 1.8789999885484576,
          "stdev_ms": 0.13432033234487656
        },
        "forward": {
          "max_ms": 0.49687499995343387,
          "mean_ms": 0.2803816006053239,
          "median_ms": 0.2718330069910735,
          "min_ms": 0.25045801885426044,
          "stdev_ms": 0.04588257811767454
        }
      }
    },
    "nanobind": {
      "na1d_k7_s1_d1_noncausal": {
        "backward": {
          "max_ms": 0.8452920010313392,
          "mean_ms": 0.7033150421921164,
          "median_ms": 0.6885000038892031,
          "min_ms": 0.6619580090045929,
          "stdev_ms": 0.04390230289818985
        },
        "forward": {
          "max_ms": 0.2899999963119626,
          "mean_ms": 0.21212824038229883,
          "median_ms": 0.2077080134768039,
          "min_ms": 0.196542008779943,
          "stdev_ms": 0.01771885242776486
        }
      },
      "na2d_k7x7_s1_d1_noncausal": {
        "backward": {
          "max_ms": 2.687957981834188,
          "mean_ms": 2.3768100794404745,
          "median_ms": 2.3239580041263252,
          "min_ms": 2.2394999978132546,
          "stdev_ms": 0.13689323001755424
        },
        "forward": {
          "max_ms": 0.7911249995231628,
          "mean_ms": 0.7029583607800305,
          "median_ms": 0.6993339920882136,
          "min_ms": 0.6327080191113055,
          "stdev_ms": 0.03645889520141194
        }
      },
      "na3d_k3x3x3_s1_d1_noncausal": {
        "backward": {
          "max_ms": 2.472833002684638,
          "mean_ms": 2.0381884009111673,
          "median_ms": 2.0028750004712492,
          "min_ms": 1.8747919821180403,
          "stdev_ms": 0.1635696345794655
        },
        "forward": {
          "max_ms": 0.38124999264255166,
          "mean_ms": 0.28737004147842526,
          "median_ms": 0.2792910090647638,
          "min_ms": 0.26283302577212453,
          "stdev_ms": 0.024504035350129474
        }
      }
    },
    "pure": {
      "na1d_k7_s1_d1_noncausal": {
        "backward": {
          "max_ms": 0.8971250208560377,
          "mean_ms": 0.5463117198087275,
          "median_ms": 0.5017920047976077,
          "min_ms": 0.45908300671726465,
          "stdev_ms": 0.09788768888750841
        },
        "forward": {
          "max_ms": 0.7874160073697567,
          "mean_ms": 0.5263117200229317,
          "median_ms": 0.4448329855222255,
          "min_ms": 0.4041669890284538,
          "stdev_ms": 0.12806060730926871
        }
      },
      "na2d_k7x7_s1_d1_noncausal": {
        "backward": {
          "max_ms": 2.1865000016987324,
          "mean_ms": 1.9116683187894523,
          "median_ms": 1.902874995721504,
          "min_ms": 1.8273750029038638,
          "stdev_ms": 0.07750859413787117
        },
        "forward": {
          "max_ms": 1.886832993477583,
          "mean_ms": 1.581788316834718,
          "median_ms": 1.5704589895904064,
          "min_ms": 1.438041974324733,
          "stdev_ms": 0.1183336484209549
        }
      },
      "na3d_k3x3x3_s1_d1_noncausal": {
        "backward": {
          "max_ms": 1.2933329853694886,
          "mean_ms": 1.029911560472101,
          "median_ms": 0.9985000069718808,
          "min_ms": 0.9402919968124479,
          "stdev_ms": 0.08393029804020453
        },
        "forward": {
          "max_ms": 1.204250002047047,
          "mean_ms": 0.8822432777378708,
          "median_ms": 0.8508340106345713,
          "min_ms": 0.8087499882094562,
          "stdev_ms": 0.08783559860653951
        }
      }
    }
  },
  "trials": 25,
  "warmup": 5
}
