{
  "cases": [
    {
      "name": "na1d_k7_s1_d1_noncausal"
    },
    {
      "name": "na2d_k7x7_s1_d1_noncausal"
    },
    {
      "name": "na3d_k3x3x3_s1_d1_noncausal"
    }
  ],
  "generated_at_utc": "2026-02-21T23:02:02.583330+00:00",
  "platform": "macOS-26.3-arm64-arm-64bit",
  "python": "3.11.11",
  "results": {
    "fast_metal": {
      "na1d_k7_s1_d1_noncausal": {
        "backward": {
          "max_ms": 0.5404590046964586,
          "mean_ms": 0.3175654311907356,
          "median_ms": 0.3021659795194864,
          "min_ms": 0.2764999808277935,
          "raw_max_ms": 0.5404590046964586,
          "raw_mean_ms": 0.31705851666629314,
          "raw_median_ms": 0.30845898436382413,
          "raw_min_ms": 0.2764999808277935,
          "raw_stdev_ms": 0.05324054122609595,
          "raw_trials": 25,
          "stdev_ms": 0.055476347183339283,
          "trim_head": 2,
          "trimmed_trials": 23
        },
        "forward": {
          "max_ms": 0.33854201319627464,
          "mean_ms": 0.21957073856712037,
          "median_ms": 0.21054100943729281,
          "min_ms": 0.19145800615660846,
          "raw_max_ms": 0.33854201319627464,
          "raw_mean_ms": 0.21947343950159848,
          "raw_median_ms": 0.21279198699630797,
          "raw_min_ms": 0.19145800615660846,
          "raw_stdev_ms": 0.02855184878329144,
          "raw_trials": 25,
          "stdev_ms": 0.029733259443402067,
          "trim_head": 2,
          "trimmed_trials": 23
        }
      },
      "na2d_k7x7_s1_d1_noncausal": {
        "backward": {
          "max_ms": 0.6523750198539346,
          "mean_ms": 0.5669673492261411,
          "median_ms": 0.5582500016316772,
          "min_ms": 0.5299999902490526,
          "raw_max_ms": 0.6523750198539346,
          "raw_mean_ms": 0.5664732807781547,
          "raw_median_ms": 0.5590830114670098,
          "raw_min_ms": 0.5299999902490526,
          "raw_stdev_ms": 0.029341086943597085,
          "raw_trials": 25,
          "stdev_ms": 0.030540260870903738,
          "trim_head": 2,
          "trimmed_trials": 23
        },
        "forward": {
          "max_ms": 0.794542022049427,
          "mean_ms": 0.6860035658894997,
          "median_ms": 0.6672079907730222,
          "min_ms": 0.6471250089816749,
          "raw_max_ms": 0.794542022049427,
          "raw_mean_ms": 0.6831499608233571,
          "raw_median_ms": 0.6672079907730222,
          "raw_min_ms": 0.6443750171456486,
          "raw_stdev_ms": 0.04164616273866665,
          "raw_trials": 25,
          "stdev_ms": 0.04219413434704612,
          "trim_head": 2,
          "trimmed_trials": 23
        }
      },
      "na3d_k3x3x3_s1_d1_noncausal": {
        "backward": {
          "max_ms": 0.43241700041107833,
          "mean_ms": 0.3712989539211697,
          "median_ms": 0.36979198921471834,
          "min_ms": 0.3349999897181988,
          "raw_max_ms": 0.43241700041107833,
          "raw_mean_ms": 0.3742933180183172,
          "raw_median_ms": 0.3707919968292117,
          "raw_min_ms": 0.3349999897181988,
          "raw_stdev_ms": 0.026159556257620245,
          "raw_trials": 25,
          "stdev_ms": 0.024463716974417824,
          "trim_head": 2,
          "trimmed_trials": 23
        },
        "forward": {
          "max_ms": 0.4204170254524797,
          "mean_ms": 0.3123079140609859,
          "median_ms": 0.30524999601766467,
          "min_ms": 0.2887499867938459,
          "raw_max_ms": 0.4204170254524797,
          "raw_mean_ms": 0.3143983206246048,
          "raw_median_ms": 0.3057919966522604,
          "raw_min_ms": 0.2887499867938459,
          "raw_stdev_ms": 0.027822511879776475,
          "raw_trials": 25,
          "stdev_ms": 0.027234051185965388,
          "trim_head": 2,
          "trimmed_trials": 23
        }
      }
    },
    "nanobind": {
      "na1d_k7_s1_d1_noncausal": {
        "backward": {
          "max_ms": 0.35349998506717384,
          "mean_ms": 0.3063569551475508,
          "median_ms": 0.3028330102097243,
          "min_ms": 0.27629200485534966,
          "raw_max_ms": 0.37079202593304217,
          "raw_mean_ms": 0.308456759667024,
          "raw_median_ms": 0.3028330102097243,
          "raw_min_ms": 0.27629200485534966,
          "raw_stdev_ms": 0.02611526143757495,
          "raw_trials": 25,
          "stdev_ms": 0.023651418318494082,
          "trim_head": 2,
          "trimmed_trials": 23
        },
        "forward": {
          "max_ms": 0.3136669984087348,
          "mean_ms": 0.2076013492035639,
          "median_ms": 0.20062498515471816,
          "min_ms": 0.18708300194703043,
          "raw_max_ms": 0.3136669984087348,
          "raw_mean_ms": 0.20675660111010075,
          "raw_median_ms": 0.20062498515471816,
          "raw_min_ms": 0.18708300194703043,
          "raw_stdev_ms": 0.02550094178555193,
          "raw_trials": 25,
          "stdev_ms": 0.026384309968932967,
          "trim_head": 2,
          "trimmed_trials": 23
        }
      },
      "na2d_k7x7_s1_d1_noncausal": {
        "backward": {
          "max_ms": 0.6544579809997231,
          "mean_ms": 0.5688061279690136,
          "median_ms": 0.5611669912468642,
          "min_ms": 0.5315839953254908,
          "raw_max_ms": 0.6927089998498559,
          "raw_mean_ms": 0.5786516785155982,
          "raw_median_ms": 0.5640829913318157,
          "raw_min_ms": 0.5315839953254908,
          "raw_stdev_ms": 0.0449088882160734,
          "raw_trials": 25,
          "stdev_ms": 0.03131192491182996,
          "trim_head": 2,
          "trimmed_trials": 23
        },
        "forward": {
          "max_ms": 0.9692079911474138,
          "mean_ms": 0.6851956511483245,
          "median_ms": 0.6640420178882778,
          "min_ms": 0.6225839897524565,
          "raw_max_ms": 0.9692079911474138,
          "raw_mean_ms": 0.6822516385000199,
          "raw_median_ms": 0.6638329941779375,
          "raw_min_ms": 0.6225839897524565,
          "raw_stdev_ms": 0.06634367400791498,
          "raw_trials": 25,
          "stdev_ms": 0.0683739505951526,
          "trim_head": 2,
          "trimmed_trials": 23
        }
      },
      "na3d_k3x3x3_s1_d1_noncausal": {
        "backward": {
          "max_ms": 0.5511250055860728,
          "mean_ms": 0.3849873913998675,
          "median_ms": 0.3736669896170497,
          "min_ms": 0.3318329981993884,
          "raw_max_ms": 0.5511250055860728,
          "raw_mean_ms": 0.3881934005767107,
          "raw_median_ms": 0.37387499469332397,
          "raw_min_ms": 0.3318329981993884,
          "raw_stdev_ms": 0.04887835381005077,
          "raw_trials": 25,
          "stdev_ms": 0.04755552674583013,
          "trim_head": 2,
          "trimmed_trials": 23
        },
        "forward": {
          "max_ms": 0.3862910089083016,
          "mean_ms": 0.31311391048011894,
          "median_ms": 0.3023750032298267,
          "min_ms": 0.2865410060621798,
          "raw_max_ms": 0.3862910089083016,
          "raw_mean_ms": 0.31188983703032136,
          "raw_median_ms": 0.3000409924425185,
          "raw_min_ms": 0.2865410060621798,
          "raw_stdev_ms": 0.02675926456793848,
          "raw_trials": 25,
          "stdev_ms": 0.02756063026000538,
          "trim_head": 2,
          "trimmed_trials": 23
        }
      }
    },
    "pure": {
      "na1d_k7_s1_d1_noncausal": {
        "backward": {
          "max_ms": 0.9763750131241977,
          "mean_ms": 0.5301502596526204,
          "median_ms": 0.4830000107176602,
          "min_ms": 0.46095901052467525,
          "raw_max_ms": 0.9763750131241977,
          "raw_mean_ms": 0.5260748788714409,
          "raw_median_ms": 0.47950001317076385,
          "raw_min_ms": 0.46095901052467525,
          "raw_stdev_ms": 0.11487936601602243,
          "raw_trials": 25,
          "stdev_ms": 0.11890012952336516,
          "trim_head": 2,
          "trimmed_trials": 23
        },
        "forward": {
          "max_ms": 1.2021659931633621,
          "mean_ms": 0.657077780013661,