{
  "cases": [
    {
      "name": "na1d_k7_s1_d1_noncausal"
    },
    {
      "name": "na2d_k7x7_s1_d1_noncausal"
    },
    {
      "name": "na3d_k3x3x3_s1_d1_noncausal"
    }
  ],
  "generated_at_utc": "2026-02-21T19:01:03.246229+00:00",
  "platform": "macOS-26.3-arm64-arm-64bit",
  "python": "3.11.11",
  "results": {
    "fast_metal": {
      "na1d_k7_s1_d1_noncausal": {
        "backward": {
          "max_ms": 1.7590830102562904,
          "mean_ms": 0.7503549614921212,
          "median_ms": 0.6626250105910003,
          "min_ms": 0.6270409794524312,
          "stdev_ms": 0.24130828023305143
        },
        "forward": {
          "max_ms": 0.4599579842761159,
          "mean_ms": 0.22878495859913528,
          "median_ms": 0.19449999672360718,
          "min_ms": 0.1778750156518072,
          "stdev_ms": 0.07222134092871653
        }
      },
      "na2d_k7x7_s1_d1_noncausal": {
        "backward": {
          "max_ms": 3.4372920054011047,
          "mean_ms": 2.51614504144527,
          "median_ms": 2.3978330136742443,
          "min_ms": 2.2304169833660126,
          "stdev_ms": 0.28323818686996494
        },
        "forward": {
          "max_ms": 1.2413749936968088,
          "mean_ms": 0.7468132430221885,
          "median_ms": 0.692791014444083,
          "min_ms": 0.6573330028913915,
          "stdev_ms": 0.1339670059901542
        }
      },
      "na3d_k3x3x3_s1_d1_noncausal": {
        "backward": {
          "max_ms": 2.923874999396503,
          "mean_ms": 2.044719996629283,
          "median_ms": 1.937124994583428,
          "min_ms": 1.8425419984851032,
          "stdev_ms": 0.25368425993738863
        },
        "forward": {
          "max_ms": 0.5147079937160015,
          "mean_ms": 0.34633008181117475,
          "median_ms": 0.3130420227535069,
          "min_ms": 0.28020801255479455,
          "stdev_ms": 0.06568684063233385
        }
      }
    },
    "nanobind": {
      "na1d_k7_s1_d1_noncausal": {
        "backward": {
          "max_ms": 1.5550829994026572,
          "mean_ms": 0.7523200393188745,
          "median_ms": 0.6702910177409649,
          "min_ms": 0.6361250125337392,
          "stdev_ms": 0.20812886006423184
        },
        "forward": {
          "max_ms": 0.578417006181553,
          "mean_ms": 0.2160000370349735,
          "median_ms": 0.19299998530186713,
          "min_ms": 0.17924999701790512,
          "stdev_ms": 0.08540177166821655
        }
      },
      "na2d_k7x7_s1_d1_noncausal": {
        "backward": {
          "max_ms": 3.5631250066217035,
          "mean_ms": 2.5570749200414866,
          "median_ms": 2.405958017334342,
          "min_ms": 2.2209160088095814,
          "stdev_ms": 0.3544330508986849
        },
        "forward": {
          "max_ms": 0.9740829991642386,
          "mean_ms": 0.7093868416268378,
          "median_ms": 0.6955830031074584,
          "min_ms": 0.6582920032087713,
          "stdev_ms": 0.06681065028896047
        }
      },
      "na3d_k3x3x3_s1_d1_noncausal": {
        "backward": {
          "max_ms": 3.1675420177634805,
          "mean_ms": 2.1130200009793043,
          "median_ms": 1.9808750075753778,
          "min_ms": 1.8762919935397804,
          "stdev_ms": 0.36885082523014584
        },
        "forward": {
          "max_ms": 0.6262920214794576,
          "mean_ms": 0.34106516279280186,
          "median_ms": 0.3139589971397072,
          "min_ms": 0.2899590181186795,
          "stdev_ms": 0.06883062529315838
        }
      }
    },
    "pure": {
      "na1d_k7_s1_d1_noncausal": {
        "backward": {
          "max_ms": 2.5080409832298756,
          "mean_ms": 0.7954833202529699,
          "median_ms": 0.610999995842576,
          "min_ms": 0.5293750145938247,
          "stdev_ms": 0.45764672600965783
        },
        "forward": {
          "max_ms": 2.5559999921824783,
          "mean_ms": 0.6415566813666373,
          "median_ms": 0.48841701936908066,
          "min_ms": 0.43270899914205074,
          "stdev_ms": 0.4273921140779032
        }
      },
      "na2d_k7x7_s1_d1_noncausal": {
        "backward": {
          "max_ms": 3.1217500218190253,
          "mean_ms": 2.1997800399549305,
          "median_ms": 2.0987500029150397,
          "min_ms": 1.8257920164614916,
          "stdev_ms": 0.39721592321585386
        },
        "forward": {
          "max_ms": 3.079042013268918,
          "mean_ms": 1.8758599204011261,
          "median_ms": 1.722958986647427,
          "min_ms": 1.483291998738423,
          "stdev_ms": 0.4521112855676717
        }
      },
      "na3d_k3x3x3_s1_d1_noncausal": {
        "backward": {
          "max_ms": 1.881167001556605,
          "mean_ms": 1.0377882001921535,
          "median_ms": 0.9786660084500909,
          "min_ms": 0.9247919952031225,
          "stdev_ms": 0.1856754957750284
        },
        "forward": {
          "max_ms": 1.8814590002875775,
          "mean_ms": 0.9130917629227042,
          "median_ms": 0.8415420015808195,
          "min_ms": 0.7944590179249644,
          "stdev_ms": 0.21082050430024618
        }
      }
    }
  },
  "trials": 25,
  "warmup": 5
}
