{
  "cases": [
    {
      "name": "na1d_k7_s1_d1_noncausal"
    },
    {
      "name": "na2d_k7x7_s1_d1_noncausal"
    },
    {
      "name": "na3d_k3x3x3_s1_d1_noncausal"
    }
  ],
  "generated_at_utc": "2026-02-21T19:08:52.791479+00:00",
  "platform": "macOS-26.3-arm64-arm-64bit",
  "python": "3.11.11",
  "results": {
    "fast_metal": {
      "na1d_k7_s1_d1_noncausal": {
        "backward": {
          "max_ms": 1.1873749899677932,
          "mean_ms": 0.6181999982800335,
          "median_ms": 0.570790987694636,
          "min_ms": 0.5208749789744616,
          "stdev_ms": 0.1540359687539086
        },
        "forward": {
          "max_ms": 0.24587500956840813,
          "mean_ms": 0.19540503970347345,
          "median_ms": 0.1894999877549708,
          "min_ms": 0.18016700050793588,
          "stdev_ms": 0.016162992329839143
        }
      },
      "na2d_k7x7_s1_d1_noncausal": {
        "backward": {
          "max_ms": 2.604250010335818,
          "mean_ms": 1.9744268397334963,
          "median_ms": 1.9100419885944575,
          "min_ms": 1.8154999997932464,
          "stdev_ms": 0.1921656008904162
        },
        "forward": {
          "max_ms": 0.9282079990953207,
          "mean_ms": 0.7156949583441019,
          "median_ms": 0.6959589954931289,
          "min_ms": 0.6584579823538661,
          "stdev_ms": 0.06338615139798114
        }
      },
      "na3d_k3x3x3_s1_d1_noncausal": {
        "backward": {
          "max_ms": 1.4740829938091338,
          "mean_ms": 1.0460399626754224,
          "median_ms": 0.9920000156853348,
          "min_ms": 0.9393329964950681,
          "stdev_ms": 0.1275314297685351
        },
        "forward": {
          "max_ms": 0.3687080170493573,
          "mean_ms": 0.30901832156814635,
          "median_ms": 0.303708016872406,
          "min_ms": 0.28395900153554976,
          "stdev_ms": 0.01978226538523672
        }
      }
    },
    "nanobind": {
      "na1d_k7_s1_d1_noncausal": {
        "backward": {
          "max_ms": 0.6829159974586219,
          "mean_ms": 0.5634799180552363,
          "median_ms": 0.5474580102600157,
          "min_ms": 0.49816700629889965,
          "stdev_ms": 0.04650762374353999
        },
        "forward": {
          "max_ms": 0.2207910001743585,
          "mean_ms": 0.1923198823351413,
          "median_ms": 0.19187500583939254,
          "min_ms": 0.17966600717045367,
          "stdev_ms": 0.008285295522199648
        }
      },
      "na2d_k7x7_s1_d1_noncausal": {
        "backward": {
          "max_ms": 2.4604169884696603,
          "mean_ms": 1.9730484369210899,
          "median_ms": 1.9101669895462692,
          "min_ms": 1.8174579890910536,
          "stdev_ms": 0.1756943473612491
        },
        "forward": {
          "max_ms": 0.8392909949179739,
          "mean_ms": 0.7075080811046064,
          "median_ms": 0.6917919963598251,
          "min_ms": 0.6578330066986382,
          "stdev_ms": 0.04896750695400471
        }
      },
      "na3d_k3x3x3_s1_d1_noncausal": {
        "backward": {
          "max_ms": 1.428584015229717,
          "mean_ms": 1.0451816802378744,
          "median_ms": 0.9913340036291629,
          "min_ms": 0.9525409841444343,
          "stdev_ms": 0.13106401163345308
        },
        "forward": {
          "max_ms": 0.517250009579584,
          "mean_ms": 0.3278397989924997,
          "median_ms": 0.3177920007146895,
          "min_ms": 0.305124995065853,
          "stdev_ms": 0.04078175954192305
        }
      }
    },
    "pure": {
      "na1d_k7_s1_d1_noncausal": {
        "backward": {
          "max_ms": 1.3546250120270997,
          "mean_ms": 0.7099733606446534,
          "median_ms": 0.6024589820299298,
          "min_ms": 0.4493340093176812,
          "stdev_ms": 0.2758879876553438
        },
        "forward": {
          "max_ms": 1.6949579876381904,
          "mean_ms": 0.8707383973523974,
          "median_ms": 0.7896669849287719,
          "min_ms": 0.6939999875612557,
          "stdev_ms": 0.2192903703744547
        }
      },
      "na2d_k7x7_s1_d1_noncausal": {
        "backward": {
          "max_ms": 2.537541004130617,
          "mean_ms": 2.025466721970588,
          "median_ms": 1.934290979988873,
          "min_ms": 1.8315420020371675,
          "stdev_ms": 0.2034280307182575
        },
        "forward": {
          "max_ms": 2.701958001125604,
          "mean_ms": 1.709256760077551,
          "median_ms": 1.6197499935515225,
          "min_ms": 1.488708017859608,
          "stdev_ms": 0.27910726314472595
        }
      },
      "na3d_k3x3x3_s1_d1_noncausal": {
        "backward": {
          "max_ms": 1.5475000254809856,
          "mean_ms": 1.0435466817580163,
          "median_ms": 0.9877080156002194,
          "min_ms": 0.9326660074293613,
          "stdev_ms": 0.14684267497638215
        },
        "forward": {
          "max_ms": 1.115958992158994,
          "mean_ms": 0.8717733575031161,
          "median_ms": 0.8588749915361404,
          "min_ms": 0.8012499893084168,
          "stdev_ms": 0.06744127848999856
        }
      }
    }
  },
  "trials": 25,
  "warmup": 5
}
