{
  "cases": [
    {
      "name": "na1d_k7_s1_d1_noncausal"
    },
    {
      "name": "na2d_k7x7_s1_d1_noncausal"
    },
    {
      "name": "na3d_k3x3x3_s1_d1_noncausal"
    }
  ],
  "generated_at_utc": "2026-02-21T20:36:38.997741+00:00",
  "platform": "macOS-26.3-arm64-arm-64bit",
  "python": "3.11.11",
  "results": {
    "fast_metal": {
      "na1d_k7_s1_d1_noncausal": {
        "backward": {
          "max_ms": 0.3523330087773502,
          "mean_ms": 0.3171616012696177,
          "median_ms": 0.3169999981764704,
          "min_ms": 0.28641699464060366,
          "stdev_ms": 0.01692383030220101
        },
        "forward": {
          "max_ms": 0.26229198556393385,
          "mean_ms": 0.20771991927176714,
          "median_ms": 0.20329200197011232,
          "min_ms": 0.17912499606609344,
          "stdev_ms": 0.018356554686005024
        }
      },
      "na2d_k7x7_s1_d1_noncausal": {
        "backward": {
          "max_ms": 0.9002500155474991,
          "mean_ms": 0.7586465612985194,
          "median_ms": 0.7432920101564378,
          "min_ms": 0.7033750007394701,
          "stdev_ms": 0.0493065092862283
        },
        "forward": {
          "max_ms": 0.8145000028889626,
          "mean_ms": 0.6975647993385792,
          "median_ms": 0.6800830014981329,
          "min_ms": 0.6356249796226621,
          "stdev_ms": 0.04253462052038352
        }
      },
      "na3d_k3x3x3_s1_d1_noncausal": {
        "backward": {
          "max_ms": 0.5434159829746932,
          "mean_ms": 0.3954815585166216,
          "median_ms": 0.3892090171575546,
          "min_ms": 0.3572499845176935,
          "stdev_ms": 0.03609233177803842
        },
        "forward": {
          "max_ms": 0.3824580053333193,
          "mean_ms": 0.3085932810790837,
          "median_ms": 0.3037919814232737,
          "min_ms": 0.28316600946709514,
          "stdev_ms": 0.02116692004012362
        }
      }
    },
    "nanobind": {
      "na1d_k7_s1_d1_noncausal": {
        "backward": {
          "max_ms": 0.4170419997535646,
          "mean_ms": 0.3232251189183444,
          "median_ms": 0.3150419797748327,
          "min_ms": 0.29266701312735677,
          "stdev_ms": 0.031165030793952032
        },
        "forward": {
          "max_ms": 0.22212497424334288,
          "mean_ms": 0.18801160156726837,
          "median_ms": 0.18262499361298978,
          "min_ms": 0.1717080012895167,
          "stdev_ms": 0.012282496785784679
        }
      },
      "na2d_k7x7_s1_d1_noncausal": {
        "backward": {
          "max_ms": 0.8756669994909316,
          "mean_ms": 0.7433684379793704,
          "median_ms": 0.729375024093315,
          "min_ms": 0.6929999799467623,
          "stdev_ms": 0.04153073519519771
        },
        "forward": {
          "max_ms": 0.7600419921800494,
          "mean_ms": 0.6782716396264732,
          "median_ms": 0.6692909810226411,
          "min_ms": 0.6327499868348241,
          "stdev_ms": 0.033573961181784205
        }
      },
      "na3d_k3x3x3_s1_d1_noncausal": {
        "backward": {
          "max_ms": 0.49462501192465425,
          "mean_ms": 0.39166323840618134,
          "median_ms": 0.38662500446662307,
          "min_ms": 0.35837499308399856,
          "stdev_ms": 0.028505003592491415
        },
        "forward": {
          "max_ms": 0.3451670054346323,
          "mean_ms": 0.3104967181570828,
          "median_ms": 0.3062910109292716,
          "min_ms": 0.29083300614729524,
          "stdev_ms": 0.01354140635353375
        }
      }
    },
    "pure": {
      "na1d_k7_s1_d1_noncausal": {
        "backward": {
          "max_ms": 2.6324169884901494,
          "mean_ms": 1.0025783989112824,
          "median_ms": 0.8656669815536588,
          "min_ms": 0.7120409864000976,
          "stdev_ms": 0.39225357263317157
        },
        "forward": {
          "max_ms": 1.9684169965330511,
          "mean_ms": 0.9640216780826449,
          "median_ms": 0.806458992883563,
          "min_ms": 0.690957996994257,
          "stdev_ms": 0.36186151516324583
        }
      },
      "na2d_k7x7_s1_d1_noncausal": {
        "backward": {
          "max_ms": 2.1520409791264683,
          "mean_ms": 1.8575865600723773,
          "median_ms": 1.829707995057106,
          "min_ms": 1.7695830028969795,
          "stdev_ms": 0.08536512901618194
        },
        "forward": {
          "max_ms": 3.5754580167122185,
          "mean_ms": 1.9564816367346793,
          "median_ms": 1.8499580037314445,
          "min_ms": 1.493083022069186,
          "stdev_ms": 0.481808887819765
        }
      },
      "na3d_k3x3x3_s1_d1_noncausal": {
        "backward": {
          "max_ms": 1.2339999957475811,
          "mean_ms": 0.9993233205750585,
          "median_ms": 0.9847089822869748,
          "min_ms": 0.9146250085905194,
          "stdev_ms": 0.0813153457805328
        },
        "forward": {
          "max_ms": 1.1179580178577453,
          "mean_ms": 0.8868550800252706,
          "median_ms": 0.8444169943686575,
          "min_ms": 0.7858750177547336,
          "stdev_ms": 0.09261379111300382
        }
      }
    }
  },
  "trials": 25,
  "warmup": 5
}
