{
  "cases": [
    {
      "name": "na1d_k7_s1_d1_noncausal"
    },
    {
      "name": "na2d_k7x7_s1_d1_noncausal"
    },
    {
      "name": "na3d_k3x3x3_s1_d1_noncausal"
    }
  ],
  "generated_at_utc": "2026-02-21T22:37:41.220643+00:00",
  "platform": "macOS-26.3-arm64-arm-64bit",
  "python": "3.11.11",
  "results": {
    "fast_metal": {
      "na1d_k7_s1_d1_noncausal": {
        "backward": {
          "max_ms": 0.45233400305733085,
          "mean_ms": 0.32075173879528174,
          "median_ms": 0.31270799809135497,
          "min_ms": 0.27408398455008864,
          "raw_max_ms": 0.45233400305733085,
          "raw_mean_ms": 0.31824328005313873,
          "raw_median_ms": 0.30037498800083995,
          "raw_min_ms": 0.27408398455008864,
          "raw_stdev_ms": 0.039561950958761354,
          "raw_trials": 25,
          "stdev_ms": 0.04024118933299098,
          "trim_head": 2,
          "trimmed_trials": 23
        },
        "forward": {
          "max_ms": 0.2487500023562461,
          "mean_ms": 0.21196716799117302,
          "median_ms": 0.209915975574404,
          "min_ms": 0.1856250164564699,
          "raw_max_ms": 0.2487500023562461,
          "raw_mean_ms": 0.2127581147942692,
          "raw_median_ms": 0.209915975574404,
          "raw_min_ms": 0.1856250164564699,
          "raw_stdev_ms": 0.01882583817658139,
          "raw_trials": 25,
          "stdev_ms": 0.018809491000067426,
          "trim_head": 2,
          "trimmed_trials": 23
        }
      },
      "na2d_k7x7_s1_d1_noncausal": {
        "backward": {
          "max_ms": 0.9657079936005175,
          "mean_ms": 0.6348876517934158,
          "median_ms": 0.6054169789422303,
          "min_ms": 0.5514590011443943,
          "raw_max_ms": 0.9657079936005175,
          "raw_mean_ms": 0.6485682807397097,
          "raw_median_ms": 0.616083008935675,
          "raw_min_ms": 0.5514590011443943,
          "raw_stdev_ms": 0.09791090066545097,
          "raw_trials": 25,
          "stdev_ms": 0.08972267305211665,
          "trim_head": 2,
          "trimmed_trials": 23
        },
        "forward": {
          "max_ms": 0.764084019465372,
          "mean_ms": 0.6764728699952526,
          "median_ms": 0.6625000096391886,
          "min_ms": 0.6462910096161067,
          "raw_max_ms": 0.8036250073928386,
          "raw_mean_ms": 0.6844950397498906,
          "raw_median_ms": 0.6734589987900108,
          "raw_min_ms": 0.6462910096161067,
          "raw_stdev_ms": 0.04022386107590249,
          "raw_trials": 25,
          "stdev_ms": 0.029856409920525014,
          "trim_head": 2,
          "trimmed_trials": 23
        }
      },
      "na3d_k3x3x3_s1_d1_noncausal": {
        "backward": {
          "max_ms": 0.7563330000266433,
          "mean_ms": 0.3947556087160078,
          "median_ms": 0.37104199873283505,
          "min_ms": 0.3376250097062439,
          "raw_max_ms": 0.7563330000266433,
          "raw_mean_ms": 0.39887016057036817,
          "raw_median_ms": 0.37529098335653543,
          "raw_min_ms": 0.3376250097062439,
          "raw_stdev_ms": 0.08275924149494678,
          "raw_trials": 25,
          "stdev_ms": 0.08420546293887496,
          "trim_head": 2,
          "trimmed_trials": 23
        },
        "forward": {
          "max_ms": 0.4207500023767352,
          "mean_ms": 0.32357426117295807,
          "median_ms": 0.3115829895250499,
          "min_ms": 0.28804197791032493,
          "raw_max_ms": 0.4207500023767352,
          "raw_mean_ms": 0.32447668025270104,
          "raw_median_ms": 0.3134170256089419,
          "raw_min_ms": 0.28804197791032493,
          "raw_stdev_ms": 0.03516778043425687,
          "raw_trials": 25,
          "stdev_ms": 0.03614621293270209,
          "trim_head": 2,
          "trimmed_trials": 23
        }
      }
    },
    "nanobind": {
      "na1d_k7_s1_d1_noncausal": {
        "backward": {
          "max_ms": 0.4799999878741801,
          "mean_ms": 0.3141358661789285,
          "median_ms": 0.2972499933093786,
          "min_ms": 0.2769590064417571,
          "raw_max_ms": 0.4799999878741801,
          "raw_mean_ms": 0.3156499576289207,
          "raw_median_ms": 0.2982909791171551,
          "raw_min_ms": 0.2769590064417571,
          "raw_stdev_ms": 0.042346981227662644,
          "raw_trials": 25,
          "stdev_ms": 0.04361194046894442,
          "trim_head": 2,
          "trimmed_trials": 23
        },
        "forward": {
          "max_ms": 0.31900001340545714,
          "mean_ms": 0.21287495569002046,
          "median_ms": 0.2069160109385848,
          "min_ms": 0.1824999926611781,
          "raw_max_ms": 0.31900001340545714,
          "raw_mean_ms": 0.21113495924510062,
          "raw_median_ms": 0.20654199761338532,
          "raw_min_ms": 0.1802500046323985,
          "raw_stdev_ms": 0.02715464110370712,
          "raw_trials": 25,
          "stdev_ms": 0.027447499957073098,
          "trim_head": 2,
          "trimmed_trials": 23
        }
      },
      "na2d_k7x7_s1_d1_noncausal": {
        "backward": {
          "max_ms": 0.7907499966677278,
          "mean_ms": 0.5784148246596527,
          "median_ms": 0.5597500130534172,
          "min_ms": 0.5263749917503446,
          "raw_max_ms": 0.7907499966677278,
          "raw_mean_ms": 0.5770516383927315,
          "raw_median_ms": 0.5597500130534172,
          "raw_min_ms": 0.5263749917503446,
          "raw_stdev_ms": 0.05181332226115902,
          "raw_trials": 25,
          "stdev_ms": 0.05378577628088252,
          "trim_head": 2,
          "trimmed_trials": 23
        },
        "forward": {
          "max_ms": 0.737666996428743,
          "mean_ms": 0.677788174589691,
          "median_ms": 0.6710000161547214,
          "min_ms": 0.6472079840023071,
          "raw_max_ms": 0.737666996428743,
          "raw_mean_ms": 0.6791284400969744,
          "raw_median_ms": 0.6710000161547214,
          "raw_min_ms": 0.6472079840023071,
          "raw_stdev_ms": 0.027945677787892042,
          "raw_trials": 25,
          "stdev_ms": 0.026177300992219366,
          "trim_head": 2,
          "trimmed_trials": 23
        }
      },
      "na3d_k3x3x3_s1_d1_noncausal": {
        "backward": {
          "max_ms": 0.4407920059747994,
          "mean_ms": 0.35945465535168414,
          "median_ms": 0.35408299299888313,
          "min_ms": 0.3410409844946116,
          "raw_max_ms": 0.48716599121689796,
          "raw_mean_ms": 0.3668866027146578,
          "raw_median_ms": 0.3546670195646584,
          "raw_min_ms": 0.3410409844946116,
          "raw_stdev_ms": 0.033078878025114215,
          "raw_trials": 25,
          "stdev_ms": 0.019838286429675018,
          "trim_head": 2,
          "trimmed_trials": 23
        },
        "forward": {
          "max_ms": 0.41512498864904046,
          "mean_ms": 0.30513760841289617,
          "median_ms": 0.29758299933746457,
          "min_ms": 0.28325000312179327,
          "raw_max_ms": 0.41512498864904046,
          "raw_mean_ms": 0.3049182810354978,
          "raw_median_ms": 0.29758299933746457,
          "raw_min_ms": 0.28325000312179327,
          "raw_stdev_ms": 0.025852770349038098,
          "raw_trials": 25,
          "stdev_ms": 0.02662878107083943,
          "trim_head": 2,
          "trimmed_trials": 23
        }
      }
    },
    "pure": {
      "na1d_k7_s1_d1_noncausal": {
        "backward": {
          "max_ms": 0.9441660076845437,
          "mean_ms": 0.667570476450593,
          "median_ms": 0.6337079976219684,
          "min_ms": 0.5021660181228071,
          "raw_max_ms": 0.9441660076845437,
          "raw_mean_ms": 0.6619898392818868,
          "raw_median_ms": 0.6337079976219684,
          "raw_min_ms": 0.5021660181228071,
          "raw_stdev_ms": 0.1068493270041595,
          "raw_trials": 25,
          "stdev_ms": 0.10678065931138883,
          "trim_head": 2,
          "trimmed_trials": 23
        },
        "forward": {
          "max_ms": 1.4478750235866755,
          "mean_ms": 0.6556992644302385,