{
  "cases": [
    {
      "name": "na1d_k7_s1_d1_noncausal"
    },
    {
      "name": "na2d_k7x7_s1_d1_noncausal"
    },
    {
      "name": "na3d_k3x3x3_s1_d1_noncausal"
    }
  ],
  "generated_at_utc": "2026-02-21T22:06:09.012373+00:00",
  "platform": "macOS-26.3-arm64-arm-64bit",
  "python": "3.11.11",
  "results": {
    "fast_metal": {
      "na1d_k7_s1_d1_noncausal": {
        "backward": {
          "max_ms": 0.4820830072276294,
          "mean_ms": 0.3422046505400668,
          "median_ms": 0.3327080048620701,
          "min_ms": 0.296041980618611,
          "raw_max_ms": 0.4820830072276294,
          "raw_mean_ms": 0.3410932782571763,
          "raw_median_ms": 0.3327080048620701,
          "raw_min_ms": 0.296041980618611,
          "raw_stdev_ms": 0.038695728037373915,
          "raw_trials": 25,
          "stdev_ms": 0.04011308518076797,
          "trim_head": 2,
          "trimmed_trials": 23
        },
        "forward": {
          "max_ms": 0.3114159917458892,
          "mean_ms": 0.220628392012061,
          "median_ms": 0.21112500689923763,
          "min_ms": 0.19533300655893981,
          "raw_max_ms": 0.3114159917458892,
          "raw_mean_ms": 0.21961312042549253,
          "raw_median_ms": 0.21112500689923763,
          "raw_min_ms": 0.19533300655893981,
          "raw_stdev_ms": 0.02615197008286834,
          "raw_trials": 25,
          "stdev_ms": 0.027011647914688477,
          "trim_head": 2,
          "trimmed_trials": 23
        }
      },
      "na2d_k7x7_s1_d1_noncausal": {
        "backward": {
          "max_ms": 0.8752919966354966,
          "mean_ms": 0.7641793471639571,
          "median_ms": 0.7560839876532555,
          "min_ms": 0.7038330077193677,
          "raw_max_ms": 0.8752919966354966,
          "raw_mean_ms": 0.7624349591787905,
          "raw_median_ms": 0.7560839876532555,
          "raw_min_ms": 0.7038330077193677,
          "raw_stdev_ms": 0.04346191714825911,
          "raw_trials": 25,
          "stdev_ms": 0.04458719572545918,
          "trim_head": 2,
          "trimmed_trials": 23
        },
        "forward": {
          "max_ms": 0.8046669827308506,
          "mean_ms": 0.6896793480415869,
          "median_ms": 0.6805419980082661,
          "min_ms": 0.6447499908972532,
          "raw_max_ms": 0.8046669827308506,
          "raw_mean_ms": 0.6862350401934236,
          "raw_median_ms": 0.6779590039514005,
          "raw_min_ms": 0.6427920015994459,
          "raw_stdev_ms": 0.03940855525978402,
          "raw_trials": 25,
          "stdev_ms": 0.03922387139927337,
          "trim_head": 2,
          "trimmed_trials": 23
        }
      },
      "na3d_k3x3x3_s1_d1_noncausal": {
        "backward": {
          "max_ms": 0.5919160030316561,
          "mean_ms": 0.40360513198918296,
          "median_ms": 0.39312499575316906,
          "min_ms": 0.36683399230241776,
          "raw_max_ms": 0.5919160030316561,
          "raw_mean_ms": 0.40158672141842544,
          "raw_median_ms": 0.39262502104975283,
          "raw_min_ms": 0.3660829970613122,
          "raw_stdev_ms": 0.04306865796524937,
          "raw_trials": 25,
          "stdev_ms": 0.04418305606943589,
          "trim_head": 2,
          "trimmed_trials": 23
        },
        "forward": {
          "max_ms": 0.42670799302868545,
          "mean_ms": 0.3244328241714317,
          "median_ms": 0.32058299984782934,
          "min_ms": 0.2981249999720603,
          "raw_max_ms": 0.42670799302868545,
          "raw_mean_ms": 0.3235315182246268,
          "raw_median_ms": 0.31716699595563114,
          "raw_min_ms": 0.2981249999720603,
          "raw_stdev_ms": 0.023458727165239033,
          "raw_trials": 25,
          "stdev_ms": 0.02424832108641907,
          "trim_head": 2,
          "trimmed_trials": 23
        }
      }
    },
    "nanobind": {
      "na1d_k7_s1_d1_noncausal": {
        "backward": {
          "max_ms": 0.44408300891518593,
          "mean_ms": 0.3392299568867716,
          "median_ms": 0.33512499067001045,
          "min_ms": 0.2950830094050616,
          "raw_max_ms": 0.44408300891518593,
          "raw_mean_ms": 0.33832488115876913,
          "raw_median_ms": 0.33487501787021756,
          "raw_min_ms": 0.2950830094050616,
          "raw_stdev_ms": 0.0349490873900616,
          "raw_trials": 25,
          "stdev_ms": 0.03629532801862116,
          "trim_head": 2,
          "trimmed_trials": 23
        },
        "forward": {
          "max_ms": 0.36154198460280895,
          "mean_ms": 0.21730617078466583,
          "median_ms": 0.20529201719909906,
          "min_ms": 0.1857499883044511,
          "raw_max_ms": 0.36154198460280895,
          "raw_mean_ms": 0.21617999649606645,
          "raw_median_ms": 0.20529201719909906,
          "raw_min_ms": 0.1857499883044511,
          "raw_stdev_ms": 0.03739676824440785,
          "raw_trials": 25,
          "stdev_ms": 0.03874146675002543,
          "trim_head": 2,
          "trimmed_trials": 23
        }
      },
      "na2d_k7x7_s1_d1_noncausal": {
        "backward": {
          "max_ms": 1.1128329788334668,
          "mean_ms": 0.7537933909233011,
          "median_ms": 0.7227080059237778,
          "min_ms": 0.7013750146143138,
          "raw_max_ms": 1.1128329788334668,
          "raw_mean_ms": 0.75196992023848,
          "raw_median_ms": 0.7227080059237778,
          "raw_min_ms": 0.7013750146143138,
          "raw_stdev_ms": 0.08526071954752042,
          "raw_trials": 25,
          "stdev_ms": 0.08853005268103194,
          "trim_head": 2,
          "trimmed_trials": 23
        },
        "forward": {
          "max_ms": 0.713417015504092,
          "mean_ms": 0.6618063489440829,
          "median_ms": 0.6542500050272793,
          "min_ms": 0.6348750030156225,
          "raw_max_ms": 0.7395420107059181,
          "raw_mean_ms": 0.6660735211335123,
          "raw_median_ms": 0.6557089800480753,
          "raw_min_ms": 0.6348750030156225,
          "raw_stdev_ms": 0.027590704076308505,
          "raw_trials": 25,
          "stdev_ms": 0.023411094703399693,
          "trim_head": 2,
          "trimmed_trials": 23
        }
      },
      "na3d_k3x3x3_s1_d1_noncausal": {
        "backward": {
          "max_ms": 0.4971669986844063,
          "mean_ms": 0.40434787060012634,
          "median_ms": 0.40216700290329754,
          "min_ms": 0.37566700484603643,
          "raw_max_ms": 0.4971669986844063,
          "raw_mean_ms": 0.40309340227395296,
          "raw_median_ms": 0.4019170009996742,
          "raw_min_ms": 0.37566700484603643,
          "raw_stdev_ms": 0.025286619729006532,
          "raw_trials": 25,
          "stdev_ms": 0.025986711546850866,
          "trim_head": 2,
          "trimmed_trials": 23
        },
        "forward": {
          "max_ms": 0.3532080154400319,
          "mean_ms": 0.3133350413839292,
          "median_ms": 0.3148330142721534,
          "min_ms": 0.2925409935414791,
          "raw_max_ms": 0.3704999980982393,
          "raw_mean_ms": 0.3178715577814728,
          "raw_median_ms": 0.3157499886583537,
          "raw_min_ms": 0.2925409935414791,
          "raw_stdev_ms": 0.019605508499962062,
          "raw_trials": 25,
          "stdev_ms": 0.012670119068985146,
          "trim_head": 2,
          "trimmed_trials": 23
        }
      }
    },
    "pure": {
      "na1d_k7_s1_d1_noncausal": {
        "backward": {
          "max_ms": 0.8496250084135681,
          "mean_ms": 0.506628605881301,
          "median_ms": 0.48333400627598166,
          "min_ms": 0.45516699901781976,
          "raw_max_ms": 0.8496250084135681,
          "raw_mean_ms": 0.5089416773989797,
          "raw_median_ms": 0.48333400627598166,
          "raw_min_ms": 0.45516699901781976,
          "raw_stdev_ms": 0.07981688629252508,
          "raw_trials": 25,
          "stdev_ms": 0.08051034320156068,
          "trim_head": 2,
          "trimmed_trials": 23
        },
        "forward": {
          "max_ms": 1.8730000010691583,
          "mean_ms": 0.5717680450407383,