{
  "cases": [
    {
      "name": "na1d_k7_s1_d1_noncausal"
    },
    {
      "name": "na2d_k7x7_s1_d1_noncausal"
    },
    {
      "name": "na3d_k3x3x3_s1_d1_noncausal"
    }
  ],
  "generated_at_utc": "2026-02-21T22:50:13.884157+00:00",
  "platform": "macOS-26.3-arm64-arm-64bit",
  "python": "3.11.11",
  "results": {
    "fast_metal": {
      "na1d_k7_s1_d1_noncausal": {
        "backward": {
          "max_ms": 0.4177920054644346,
          "mean_ms": 0.30156343279446923,
          "median_ms": 0.2927499881479889,
          "min_ms": 0.2792910090647638,
          "raw_max_ms": 0.4177920054644346,
          "raw_mean_ms": 0.30400335788726807,
          "raw_median_ms": 0.292791984975338,
          "raw_min_ms": 0.2792910090647638,
          "raw_stdev_ms": 0.03138714488234745,
          "raw_trials": 25,
          "stdev_ms": 0.031210333620672753,
          "trim_head": 2,
          "trimmed_trials": 23
        },
        "forward": {
          "max_ms": 0.29570801416411996,
          "mean_ms": 0.20300908869577813,
          "median_ms": 0.1943749957717955,
          "min_ms": 0.15750000602565706,
          "raw_max_ms": 0.29570801416411996,
          "raw_mean_ms": 0.20545500214211643,
          "raw_median_ms": 0.1959590008482337,
          "raw_min_ms": 0.15750000602565706,
          "raw_stdev_ms": 0.03207777533957618,
          "raw_trials": 25,
          "stdev_ms": 0.031749357711428894,
          "trim_head": 2,
          "trimmed_trials": 23
        }
      },
      "na2d_k7x7_s1_d1_noncausal": {
        "backward": {
          "max_ms": 0.7152910111472011,
          "mean_ms": 0.6157318674250627,
          "median_ms": 0.6105839856900275,
          "min_ms": 0.5595409893430769,
          "raw_max_ms": 0.7152910111472011,
          "raw_mean_ms": 0.6157365976832807,
          "raw_median_ms": 0.6116660078987479,
          "raw_min_ms": 0.5595409893430769,
          "raw_stdev_ms": 0.036446846913981215,
          "raw_trials": 25,
          "stdev_ms": 0.03797898662042205,
          "trim_head": 2,
          "trimmed_trials": 23
        },
        "forward": {
          "max_ms": 0.7846249791327864,
          "mean_ms": 0.7153659990644488,
          "median_ms": 0.7141249952837825,
          "min_ms": 0.6684169929940253,
          "raw_max_ms": 0.7846249791327864,
          "raw_mean_ms": 0.7135133596602827,
          "raw_median_ms": 0.7133340113796294,
          "raw_min_ms": 0.6684169929940253,
          "raw_stdev_ms": 0.02959657112809153,
          "raw_trials": 25,
          "stdev_ms": 0.030099936133663602,
          "trim_head": 2,
          "trimmed_trials": 23
        }
      },
      "na3d_k3x3x3_s1_d1_noncausal": {
        "backward": {
          "max_ms": 0.6096659926697612,
          "mean_ms": 0.3797969990916064,
          "median_ms": 0.3680420049931854,
          "min_ms": 0.3334999782964587,
          "raw_max_ms": 0.6096659926697612,
          "raw_mean_ms": 0.38295655860565603,
          "raw_median_ms": 0.3716249775607139,
          "raw_min_ms": 0.3334999782964587,
          "raw_stdev_ms": 0.05265819329520028,
          "raw_trials": 25,
          "stdev_ms": 0.053713685450304464,
          "trim_head": 2,
          "trimmed_trials": 23
        },
        "forward": {
          "max_ms": 0.40512499981559813,
          "mean_ms": 0.3340452170485388,
          "median_ms": 0.33779197838157415,
          "min_ms": 0.2733329893089831,
          "raw_max_ms": 0.40512499981559813,
          "raw_mean_ms": 0.3308766393456608,
          "raw_median_ms": 0.3207499976269901,
          "raw_min_ms": 0.2733329893089831,
          "raw_stdev_ms": 0.03667896902871779,
          "raw_trials": 25,
          "stdev_ms": 0.03640227932667267,
          "trim_head": 2,
          "trimmed_trials": 23
        }
      }
    },
    "nanobind": {
      "na1d_k7_s1_d1_noncausal": {
        "backward": {
          "max_ms": 0.3694580227602273,
          "mean_ms": 0.29192204111377185,
          "median_ms": 0.29033300234004855,
          "min_ms": 0.2672080008778721,
          "raw_max_ms": 0.3694580227602273,
          "raw_mean_ms": 0.29259663773700595,
          "raw_median_ms": 0.29033300234004855,
          "raw_min_ms": 0.2672080008778721,
          "raw_stdev_ms": 0.02202855580911668,
          "raw_trials": 25,
          "stdev_ms": 0.02247609900271406,
          "trim_head": 2,
          "trimmed_trials": 23
        },
        "forward": {
          "max_ms": 0.3482910105958581,
          "mean_ms": 0.20057791287241422,
          "median_ms": 0.19570800941437483,
          "min_ms": 0.1613750064279884,
          "raw_max_ms": 0.3482910105958581,
          "raw_mean_ms": 0.200856679584831,
          "raw_median_ms": 0.1972499885596335,
          "raw_min_ms": 0.1613750064279884,
          "raw_stdev_ms": 0.03313074744109226,
          "raw_trials": 25,
          "stdev_ms": 0.034472853714378575,
          "trim_head": 2,
          "trimmed_trials": 23
        }
      },
      "na2d_k7x7_s1_d1_noncausal": {
        "backward": {
          "max_ms": 0.7033330039121211,
          "mean_ms": 0.5653440868785686,
          "median_ms": 0.5559999844990671,
          "min_ms": 0.5407079879660159,
          "raw_max_ms": 0.7033330039121211,
          "raw_mean_ms": 0.564749879995361,
          "raw_median_ms": 0.5559999844990671,
          "raw_min_ms": 0.5407079879660159,
          "raw_stdev_ms": 0.03309751321496271,
          "raw_trials": 25,
          "stdev_ms": 0.03442190657527615,
          "trim_head": 2,
          "trimmed_trials": 23
        },
        "forward": {
          "max_ms": 0.7333749963436276,
          "mean_ms": 0.6675869530147832,
          "median_ms": 0.6571249978151172,
          "min_ms": 0.6440420111175627,
          "raw_max_ms": 0.7333749963436276,
          "raw_mean_ms": 0.666834955336526,
          "raw_median_ms": 0.6571249978151172,
          "raw_min_ms": 0.639207981294021,
          "raw_stdev_ms": 0.023467076028350565,
          "raw_trials": 25,
          "stdev_ms": 0.02366854920937181,
          "trim_head": 2,
          "trimmed_trials": 23
        }
      },
      "na3d_k3x3x3_s1_d1_noncausal": {
        "backward": {
          "max_ms": 0.4412920097820461,
          "mean_ms": 0.36818487316612963,
          "median_ms": 0.35987497540190816,
          "min_ms": 0.34825000329874456,
          "raw_max_ms": 0.4412920097820461,
          "raw_mean_ms": 0.36961508449167013,
          "raw_median_ms": 0.3611670108512044,
          "raw_min_ms": 0.34825000329874456,
          "raw_stdev_ms": 0.023688451060490927,
          "raw_trials": 25,
          "stdev_ms": 0.02324009975718443,
          "trim_head": 2,
          "trimmed_trials": 23
        },
        "forward": {
          "max_ms": 0.3571250126697123,
          "mean_ms": 0.3072554372129557,
          "median_ms": 0.303333014016971,
          "min_ms": 0.29337499290704727,
          "raw_max_ms": 0.3571250126697123,
          "raw_mean_ms": 0.30635832343250513,
          "raw_median_ms": 0.30183399212546647,
          "raw_min_ms": 0.29337499290704727,
          "raw_stdev_ms": 0.012827569261052815,
          "raw_trials": 25,
          "stdev_ms": 0.012984566950824518,
          "trim_head": 2,
          "trimmed_trials": 23
        }
      }
    },
    "pure": {
      "na1d_k7_s1_d1_noncausal": {
        "backward": {
          "max_ms": 1.1297090095467865,
          "mean_ms": 0.5731685238930843,
          "median_ms": 0.5659169983118773,
          "min_ms": 0.4216659872327,
          "raw_max_ms": 1.1297090095467865,
          "raw_mean_ms": 0.5781783617567271,
          "raw_median_ms": 0.5667500081472099,
          "raw_min_ms": 0.4216659872327,
          "raw_stdev_ms": 0.13509190847148572,
          "raw_trials": 25,
          "stdev_ms": 0.13931911199387562,
          "trim_head": 2,
          "trimmed_trials": 23
        },
        "forward": {
          "max_ms": 1.2245000107213855,
          "mean_ms": 0.556690265353688,