{
  "cases": [
    {
      "name": "na1d_k7_s1_d1_noncausal"
    },
    {
      "name": "na2d_k7x7_s1_d1_noncausal"
    },
    {
      "name": "na3d_k3x3x3_s1_d1_noncausal"
    }
  ],
  "generated_at_utc": "2026-02-21T20:13:51.025853+00:00",
  "platform": "macOS-26.3-arm64-arm-64bit",
  "python": "3.11.11",
  "results": {
    "fast_metal": {
      "na1d_k7_s1_d1_noncausal": {
        "backward": {
          "max_ms": 1.0969590221066028,
          "mean_ms": 0.41117671877145767,
          "median_ms": 0.34199998481199145,
          "min_ms": 0.29837500187568367,
          "stdev_ms": 0.18803930761466855
        },
        "forward": {
          "max_ms": 0.3158329927828163,
          "mean_ms": 0.21759656257927418,
          "median_ms": 0.2143339952453971,
          "min_ms": 0.19308400806039572,
          "stdev_ms": 0.024562124002231643
        }
      },
      "na2d_k7x7_s1_d1_noncausal": {
        "backward": {
          "max_ms": 1.8255000177305192,
          "mean_ms": 0.8382400393020362,
          "median_ms": 0.7757919956929982,
          "min_ms": 0.7045840029604733,
          "stdev_ms": 0.22245061470790287
        },
        "forward": {
          "max_ms": 1.0843329946510494,
          "mean_ms": 0.72762839961797,
          "median_ms": 0.7014160219114274,
          "min_ms": 0.6488329963758588,
          "stdev_ms": 0.09330770975414204
        }
      },
      "na3d_k3x3x3_s1_d1_noncausal": {
        "backward": {
          "max_ms": 1.3937079929746687,
          "mean_ms": 0.4642582393717021,
          "median_ms": 0.4013330035377294,
          "min_ms": 0.37633298779837787,
          "stdev_ms": 0.20299331714240132
        },
        "forward": {
          "max_ms": 0.5329579871613532,
          "mean_ms": 0.34374332521110773,
          "median_ms": 0.3209999995306134,
          "min_ms": 0.2835000050254166,
          "stdev_ms": 0.05585403547959886
        }
      }
    },
    "nanobind": {
      "na1d_k7_s1_d1_noncausal": {
        "backward": {
          "max_ms": 0.9175419982057065,
          "mean_ms": 0.3648432809859514,
          "median_ms": 0.3195000172127038,
          "min_ms": 0.30025001615285873,
          "stdev_ms": 0.12468189951040166
        },
        "forward": {
          "max_ms": 0.2261660119984299,
          "mean_ms": 0.20473151933401823,
          "median_ms": 0.20358298206701875,
          "min_ms": 0.18545801867730916,
          "stdev_ms": 0.011180758684837018
        }
      },
      "na2d_k7x7_s1_d1_noncausal": {
        "backward": {
          "max_ms": 1.6315420216415077,
          "mean_ms": 0.7921432808507234,
          "median_ms": 0.7341250020544976,
          "min_ms": 0.676499999826774,
          "stdev_ms": 0.18547351474817855
        },
        "forward": {
          "max_ms": 1.2018749839626253,
          "mean_ms": 0.7272482791449875,
          "median_ms": 0.6961250037420541,
          "min_ms": 0.6328749877866358,
          "stdev_ms": 0.11112455526786545
        }
      },
      "na3d_k3x3x3_s1_d1_noncausal": {
        "backward": {
          "max_ms": 1.3765420007985085,
          "mean_ms": 0.4697866796050221,
          "median_ms": 0.40283301495946944,
          "min_ms": 0.36800000816583633,
          "stdev_ms": 0.20108445202713862
        },
        "forward": {
          "max_ms": 0.49266699352301657,
          "mean_ms": 0.3359433985315263,
          "median_ms": 0.3208330017514527,
          "min_ms": 0.3050419909413904,
          "stdev_ms": 0.04214020676762574
        }
      }
    },
    "pure": {
      "na1d_k7_s1_d1_noncausal": {
        "backward": {
          "max_ms": 3.861125005641952,
          "mean_ms": 1.0235981619916856,
          "median_ms": 0.7020409975666553,
          "min_ms": 0.5355419998522848,
          "stdev_ms": 0.6989046892127404
        },
        "forward": {
          "max_ms": 3.7446669884957373,
          "mean_ms": 0.7888199214357883,
          "median_ms": 0.6023340101819485,
          "min_ms": 0.48679200699552894,
          "stdev_ms": 0.662153454107548
        }
      },
      "na2d_k7x7_s1_d1_noncausal": {
        "backward": {
          "max_ms": 3.292499983217567,
          "mean_ms": 2.232371758436784,
          "median_ms": 2.031459007412195,
          "min_ms": 1.8332499894313514,
          "stdev_ms": 0.48337103285793764
        },
        "forward": {
          "max_ms": 3.6218329914845526,
          "mean_ms": 1.9743566843681037,
          "median_ms": 1.7431250016670674,
          "min_ms": 1.4928750169929117,
          "stdev_ms": 0.5511992945614377
        }
      },
      "na3d_k3x3x3_s1_d1_noncausal": {
        "backward": {
          "max_ms": 1.9343330059200525,
          "mean_ms": 1.0810383199714124,
          "median_ms": 0.9937080030795187,
          "min_ms": 0.9197500185109675,
          "stdev_ms": 0.23683003981100081
        },
        "forward": {
          "max_ms": 1.9604580011218786,
          "mean_ms": 0.9707432414870709,
          "median_ms": 0.8856250206008554,
          "min_ms": 0.7847920060157776,
          "stdev_ms": 0.2914018539093834
        }
      }
    }
  },
  "trials": 25,
  "warmup": 5
}
