{
  "cases": [
    {
      "name": "na1d_k7_s1_d1_noncausal"
    },
    {
      "name": "na2d_k7x7_s1_d1_noncausal"
    },
    {
      "name": "na3d_k3x3x3_s1_d1_noncausal"
    }
  ],
  "generated_at_utc": "2026-02-21T18:41:03.114587+00:00",
  "platform": "macOS-26.3-arm64-arm-64bit",
  "python": "3.11.11",
  "results": {
    "fast_metal": {
      "na1d_k7_s1_d1_noncausal": {
        "backward": {
          "max_ms": 0.9720419766381383,
          "mean_ms": 0.7220965600572526,
          "median_ms": 0.694249989464879,
          "min_ms": 0.6553330167662352,
          "stdev_ms": 0.06644852849644456
        },
        "forward": {
          "max_ms": 0.299291976261884,
          "mean_ms": 0.22134667844511569,
          "median_ms": 0.21445797756314278,
          "min_ms": 0.19870800315402448,
          "stdev_ms": 0.02180372708484389
        }
      },
      "na2d_k7x7_s1_d1_noncausal": {
        "backward": {
          "max_ms": 3.142540983390063,
          "mean_ms": 2.4674200010485947,
          "median_ms": 2.3874999897088856,
          "min_ms": 2.211833983892575,
          "stdev_ms": 0.2630644208532271
        },
        "forward": {
          "max_ms": 0.7520409999415278,
          "mean_ms": 0.6930415623355657,
          "median_ms": 0.68224998540245,
          "min_ms": 0.6608330004382879,
          "stdev_ms": 0.027452923581337437
        }
      },
      "na3d_k3x3x3_s1_d1_noncausal": {
        "backward": {
          "max_ms": 2.638207981362939,
          "mean_ms": 2.1219650004059076,
          "median_ms": 2.0303750061430037,
          "min_ms": 1.9190420280210674,
          "stdev_ms": 0.2001893014714337
        },
        "forward": {
          "max_ms": 0.390583008993417,
          "mean_ms": 0.2941216412000358,
          "median_ms": 0.28020801255479455,
          "min_ms": 0.2646660141181201,
          "stdev_ms": 0.03414773214728408
        }
      }
    },
    "nanobind": {
      "na1d_k7_s1_d1_noncausal": {
        "backward": {
          "max_ms": 1.112250000005588,
          "mean_ms": 0.7352734019514173,
          "median_ms": 0.7162499823607504,
          "min_ms": 0.663791986880824,
          "stdev_ms": 0.08545707433938235
        },
        "forward": {
          "max_ms": 0.2726249804254621,
          "mean_ms": 0.21892483928240836,
          "median_ms": 0.21474997629411519,
          "min_ms": 0.1976249914150685,
          "stdev_ms": 0.01495676243639428
        }
      },
      "na2d_k7x7_s1_d1_noncausal": {
        "backward": {
          "max_ms": 3.012417000718415,
          "mean_ms": 2.4167950823903084,
          "median_ms": 2.399041986791417,
          "min_ms": 2.2143749811220914,
          "stdev_ms": 0.17999298328364996
        },
        "forward": {
          "max_ms": 0.7647080055903643,
          "mean_ms": 0.6905215990263969,
          "median_ms": 0.6857090047560632,
          "min_ms": 0.6592079880647361,
          "stdev_ms": 0.024699803043293007
        }
      },
      "na3d_k3x3x3_s1_d1_noncausal": {
        "backward": {
          "max_ms": 2.7709999994840473,
          "mean_ms": 2.2082899196539074,
          "median_ms": 2.1204160002525896,
          "min_ms": 1.9840830063913018,
          "stdev_ms": 0.20669754809786473
        },
        "forward": {
          "max_ms": 0.3966249933000654,
          "mean_ms": 0.30102491728030145,
          "median_ms": 0.29279099544510245,
          "min_ms": 0.2675419964361936,
          "stdev_ms": 0.027518440795024676
        }
      }
    },
    "pure": {
      "na1d_k7_s1_d1_noncausal": {
        "backward": {
          "max_ms": 1.717167004244402,
          "mean_ms": 1.0017531621269882,
          "median_ms": 1.0059579799417406,
          "min_ms": 0.46541698975488544,
          "stdev_ms": 0.3065049957807157
        },
        "forward": {
          "max_ms": 1.4005420089233667,
          "mean_ms": 0.8650266809854656,
          "median_ms": 0.7378750015050173,
          "min_ms": 0.6829580233898014,
          "stdev_ms": 0.2098724441620175
        }
      },
      "na2d_k7x7_s1_d1_noncausal": {
        "backward": {
          "max_ms": 2.505708020180464,
          "mean_ms": 2.053225077688694,
          "median_ms": 1.9943749939557165,
          "min_ms": 1.9102920196019113,
          "stdev_ms": 0.15821998577502633
        },
        "forward": {
          "max_ms": 2.4465839960612357,
          "mean_ms": 1.82170171989128,
          "median_ms": 1.7393339949194342,
          "min_ms": 1.6013329732231796,
          "stdev_ms": 0.23978220489100743
        }
      },
      "na3d_k3x3x3_s1_d1_noncausal": {
        "backward": {
          "max_ms": 1.3513329904526472,
          "mean_ms": 1.0430932801682502,
          "median_ms": 1.0107500129379332,
          "min_ms": 0.9592499991413206,
          "stdev_ms": 0.08711246926399398
        },
        "forward": {
          "max_ms": 1.1947920138482004,
          "mean_ms": 0.9113516786601394,
          "median_ms": 0.8897079969756305,
          "min_ms": 0.8276249864138663,
          "stdev_ms": 0.08810742319849048
        }
      }
    }
  },
  "trials": 25,
  "warmup": 5
}
