{
  "cases": [
    {
      "name": "na1d_k7_s1_d1_noncausal"
    },
    {
      "name": "na2d_k7x7_s1_d1_noncausal"
    },
    {
      "name": "na3d_k3x3x3_s1_d1_noncausal"
    }
  ],
  "generated_at_utc": "2026-02-21T19:17:56.782898+00:00",
  "platform": "macOS-26.3-arm64-arm-64bit",
  "python": "3.11.11",
  "results": {
    "fast_metal": {
      "na1d_k7_s1_d1_noncausal": {
        "backward": {
          "max_ms": 0.6886670016683638,
          "mean_ms": 0.5645815585739911,
          "median_ms": 0.5428750009741634,
          "min_ms": 0.49129099352285266,
          "stdev_ms": 0.05417733439923468
        },
        "forward": {
          "max_ms": 0.3200000210199505,
          "mean_ms": 0.21163499914109707,
          "median_ms": 0.20291600958444178,
          "min_ms": 0.17862499225884676,
          "stdev_ms": 0.031137405642485454
        }
      },
      "na2d_k7x7_s1_d1_noncausal": {
        "backward": {
          "max_ms": 2.1093329996801913,
          "mean_ms": 1.8668700370471925,
          "median_ms": 1.857958995969966,
          "min_ms": 1.7993749934248626,
          "stdev_ms": 0.07159518758623161
        },
        "forward": {
          "max_ms": 0.7940409996081144,
          "mean_ms": 0.6921632832381874,
          "median_ms": 0.6609160045627505,
          "min_ms": 0.6324170099105686,
          "stdev_ms": 0.04949252480351693
        }
      },
      "na3d_k3x3x3_s1_d1_noncausal": {
        "backward": {
          "max_ms": 1.113750011427328,
          "mean_ms": 0.9648532827850431,
          "median_ms": 0.9508329967502505,
          "min_ms": 0.8969999908003956,
          "stdev_ms": 0.05416238331284557
        },
        "forward": {
          "max_ms": 0.41229199268855155,
          "mean_ms": 0.3141532395966351,
          "median_ms": 0.3090410027652979,
          "min_ms": 0.293166987830773,
          "stdev_ms": 0.022599752343805093
        }
      }
    },
    "nanobind": {
      "na1d_k7_s1_d1_noncausal": {
        "backward": {
          "max_ms": 0.8063339919317514,
          "mean_ms": 0.5397716001607478,
          "median_ms": 0.5190829979255795,
          "min_ms": 0.5054579814895988,
          "stdev_ms": 0.060144354804768395
        },
        "forward": {
          "max_ms": 0.2504159929230809,
          "mean_ms": 0.21546820178627968,
          "median_ms": 0.2114590024575591,
          "min_ms": 0.2009579911828041,
          "stdev_ms": 0.012513802960525504
        }
      },
      "na2d_k7x7_s1_d1_noncausal": {
        "backward": {
          "max_ms": 2.2536669857800007,
          "mean_ms": 1.909126597456634,
          "median_ms": 1.861208991613239,
          "min_ms": 1.7916249926202,
          "stdev_ms": 0.11462506252156492
        },
        "forward": {
          "max_ms": 0.7665420125704259,
          "mean_ms": 0.6824416399467736,
          "median_ms": 0.6732920010108501,
          "min_ms": 0.6417080003302544,
          "stdev_ms": 0.03457646143914258
        }
      },
      "na3d_k3x3x3_s1_d1_noncausal": {
        "backward": {
          "max_ms": 1.0722090082708746,
          "mean_ms": 0.9773117210716009,
          "median_ms": 0.9543749911244959,
          "min_ms": 0.909207999939099,
          "stdev_ms": 0.05012716966642432
        },
        "forward": {
          "max_ms": 0.41754101403057575,
          "mean_ms": 0.306579964235425,
          "median_ms": 0.2979160053655505,
          "min_ms": 0.28029101667925715,
          "stdev_ms": 0.02901732085881414
        }
      }
    },
    "pure": {
      "na1d_k7_s1_d1_noncausal": {
        "backward": {
          "max_ms": 0.8602080051787198,
          "mean_ms": 0.545729884179309,
          "median_ms": 0.5122080037835985,
          "min_ms": 0.4599160165525973,
          "stdev_ms": 0.09406841902609864
        },
        "forward": {
          "max_ms": 0.7802080071996897,
          "mean_ms": 0.49394328030757606,
          "median_ms": 0.4479580093175173,
          "min_ms": 0.3874580143019557,
          "stdev_ms": 0.11462462050556531
        }
      },
      "na2d_k7x7_s1_d1_noncausal": {
        "backward": {
          "max_ms": 2.2964579984545708,
          "mean_ms": 1.9834066822659224,
          "median_ms": 1.9804160110652447,
          "min_ms": 1.870166976004839,
          "stdev_ms": 0.0949783609692774
        },
        "forward": {
          "max_ms": 2.6074999768752605,
          "mean_ms": 1.743834960507229,
          "median_ms": 1.6699580010026693,
          "min_ms": 1.5244999958667904,
          "stdev_ms": 0.23815707346782128
        }
      },
      "na3d_k3x3x3_s1_d1_noncausal": {
        "backward": {
          "max_ms": 1.2468339991755784,
          "mean_ms": 1.0345033160410821,
          "median_ms": 0.9969170205295086,
          "min_ms": 0.9156669839285314,
          "stdev_ms": 0.09205681843317624
        },
        "forward": {
          "max_ms": 1.101083995308727,
          "mean_ms": 0.8896216412540525,
          "median_ms": 0.8564589952584356,
          "min_ms": 0.7948749989736825,
          "stdev_ms": 0.08874904854619849
        }
      }
    }
  },
  "trials": 25,
  "warmup": 5
}
