{
  "cases": {
    "na1d_k7_s1_d1_noncausal": {
      "fast_metal": {
        "median_ms": 0.4930830036755651,
        "round_median_ms": [
          0.5084169970359653,
          0.4922079970128834,
          0.4930830036755651
        ],
        "stdev_ms": 0.007443331622516625
      },
      "nanobind": {
        "median_ms": 1.6087715193862095,
        "round_median_ms": [
          1.6168125002877787,
          1.6087715193862095,
          1.5853545046411455
        ],
        "stdev_ms": 0.013344243217930436
      },
      "ratio_fast_over_nanobind": 0.3064966017447212
    },
    "na2d_k7x7_s1_d1_noncausal": {
      "fast_metal": {
        "median_ms": 1.4112289936747402,
        "round_median_ms": [
          1.4242494944483042,
          1.3988540013087913,
          1.4112289936747402
        ],
        "stdev_ms": 0.010368783000755019
      },
      "nanobind": {
        "median_ms": 2.491708510206081,
        "round_median_ms": [
          3.3894170046551153,
          2.491708510206081,
          2.049187503871508
        ],
        "stdev_ms": 0.5575661890777326
      },
      "ratio_fast_over_nanobind": 0.5663700179592925
    },
    "na3d_k3x3x3_s1_d1_noncausal": {
      "fast_metal": {
        "median_ms": 0.3227500128559768,
        "round_median_ms": [
          0.3227500128559768,
          0.3233539900975302,
          0.30470800993498415
        ],
        "stdev_ms": 0.008650955208218871
      },
      "nanobind": {
        "median_ms": 1.3131669984431937,
        "round_median_ms": [
          1.2798745010513812,
          1.3131669984431937,
          1.3732499937759712
        ],
        "stdev_ms": 0.038639846089385164
      },
      "ratio_fast_over_nanobind": 0.24577986900265425
    },
    "split_na2d_qk_grad_k_k7_s1_d1_noncausal": {
      "fast_metal": {
        "median_ms": 0.1844784856075421,
        "round_median_ms": [
          0.1872500142781064,
          0.1805205101845786,
          0.1844784856075421
        ],
        "stdev_ms": 0.002761504540913045
      },
      "nanobind": {
        "median_ms": 0.3880834992742166,
        "round_median_ms": [
          0.3895419940818101,
          0.3778959944611415,
          0.3880834992742166
        ],
        "stdev_ms": 0.005180538030668435
      },
      "ratio_fast_over_nanobind": 0.47535771542090516
    },
    "split_na3d_qk_grad_k_k3_s1_d1_noncausal": {
      "fast_metal": {
        "median_ms": 0.154187495354563,
        "round_median_ms": [
          0.15658351185265929,
          0.15366649313364178,
          0.154187495354563
        ],
        "stdev_ms": 0.001270229051105568
      },
      "nanobind": {
        "median_ms": 0.28675001522060484,
        "round_median_ms": [
          0.3015835100086406,
          0.28675001522060484,
          0.2866455033654347
        ],
        "stdev_ms": 0.007017339895074343
      },
      "ratio_fast_over_nanobind": 0.5377070171589781
    }
  },
  "warn_threshold": 0.8
}
