{
  "cases": {
    "na1d_k7_s1_d1_noncausal": {
      "fast_metal": {
        "median_ms": 0.4904580127913505,
        "round_median_ms": [
          0.5175830010557547,
          0.4753539978992194,
          0.4904580127913505
        ],
        "stdev_ms": 0.017471198400034957
      },
      "nanobind": {
        "median_ms": 1.0062085057143122,
        "round_median_ms": [
          1.6326670011039823,
          1.0062085057143122,
          0.9869375062407926
        ],
        "stdev_ms": 0.2999607749176674
      },
      "ratio_fast_over_nanobind": 0.4874317897394159
    },
    "na2d_k7x7_s1_d1_noncausal": {
      "fast_metal": {
        "median_ms": 0.6337920058285818,
        "round_median_ms": [
          0.6337920058285818,
          0.641728998743929,
          0.6293335027294233
        ],
        "stdev_ms": 0.0051264285582882695
      },
      "nanobind": {
        "median_ms": 5.656875000568107,
        "round_median_ms": [
          6.740479002473876,
          5.6546870036982,
          5.656875000568107
        ],
        "stdev_ms": 0.5113323212595132
      },
      "ratio_fast_over_nanobind": 0.11203924530150154
    },
    "na3d_k3x3x3_s1_d1_noncausal": {
      "fast_metal": {
        "median_ms": 0.30629150569438934,
        "round_median_ms": [
          0.3293744957773015,
          0.30629150569438934,
          0.3023750032298267
        ],
        "stdev_ms": 0.011912346632072742
      },
      "nanobind": {
        "median_ms": 1.9882914930349216,
        "round_median_ms": [
          2.0051454921485856,
          1.9882914930349216,
          1.9721040007425472
        ],
        "stdev_ms": 0.013490047142551583
      },
      "ratio_fast_over_nanobind": 0.15404758646674438
    },
    "split_na2d_qk_grad_k_k7_s1_d1_noncausal": {
      "fast_metal": {
        "median_ms": 0.1794995041564107,
        "round_median_ms": [
          0.1830830005928874,
          0.1794995041564107,
          0.17670849047135562
        ],
        "stdev_ms": 0.0026090778147315054
      },
      "nanobind": {
        "median_ms": 1.2551460094982758,
        "round_median_ms": [
          1.2458124983822927,
          1.2681250082096085,
          1.2551460094982758
        ],
        "stdev_ms": 0.009149480447271433
      },
      "ratio_fast_over_nanobind": 0.14301085514996195
    },
    "split_na3d_qk_grad_k_k3_s1_d1_noncausal": {
      "fast_metal": {
        "median_ms": 0.1553960028104484,
        "round_median_ms": [
          0.1553960028104484,
          0.1551669993204996,
          0.15883299056440592
        ],
        "stdev_ms": 0.0016767965231244575
      },
      "nanobind": {
        "median_ms": 0.583646004088223,
        "round_median_ms": [
          0.5895834910916165,
          0.5800000071758404,
          0.583646004088223
        ],
        "stdev_ms": 0.003949545815864387
      },
      "ratio_fast_over_nanobind": 0.2662504355756011
    }
  },
  "warn_threshold": 0.8
}
