{
  "cases": {
    "na1d_causal_k9": {
      "fast_metal": {
        "max_ms": 0.7620840042363852,
        "mean_ms": 0.45425008041396114,
        "median_ms": 0.400854492909275,
        "min_ms": 0.3230419824831188
      },
      "nanobind": {
        "max_ms": 1.545957988128066,
        "mean_ms": 1.1272984969158035,
        "median_ms": 1.038978502037935,
        "min_ms": 0.6531249964609742
      },
      "ratio_fast_over_nanobind": 0.3858159645488402
    },
    "na1d_decode_causal_k9": {
      "fast_metal": {
        "max_ms": 0.22774998797103763,
        "mean_ms": 0.18799299868987873,
        "median_ms": 0.18183350039180368,
        "min_ms": 0.16658299136906862
      },
      "nanobind": {
        "max_ms": 0.4854590224567801,
        "mean_ms": 0.3405277554217416,
        "median_ms": 0.3293335030321032,
        "min_ms": 0.2889159950427711
      },
      "ratio_fast_over_nanobind": 0.5521257288362754
    },
    "na2d_causal_k9": {
      "fast_metal": {
        "max_ms": 0.6315000064205378,
        "mean_ms": 0.5529965807606155,
        "median_ms": 0.5461460095830262,
        "min_ms": 0.49070798559114337
      },
      "nanobind": {
        "max_ms": 1.3761250011157244,
        "mean_ms": 0.8417255836927021,
        "median_ms": 0.7889789994806051,
        "min_ms": 0.6803330034017563
      },
      "ratio_fast_over_nanobind": 0.6922186901584972
    },
    "na3d_causal_k3": {
      "fast_metal": {
        "max_ms": 0.235249986872077,
        "mean_ms": 0.19624999792237455,
        "median_ms": 0.19316650286782533,
        "min_ms": 0.16595801571384072
      },
      "nanobind": {
        "max_ms": 0.522000016644597,
        "mean_ms": 0.4394791685626842,
        "median_ms": 0.4504795069806278,
        "min_ms": 0.3397499967832118
      },
      "ratio_fast_over_nanobind": 0.4288019762819803
    }
  },
  "warn_threshold": 0.97
}
