{
  "cases": {
    "na1d_causal_k9": {
      "fast_metal": {
        "max_ms": 0.47408402315340936,
        "mean_ms": 0.3675521705493641,
        "median_ms": 0.35693749669007957,
        "min_ms": 0.3428339841775596
      },
      "nanobind": {
        "max_ms": 1.1782919755205512,
        "mean_ms": 0.9955348311147342,
        "median_ms": 1.0037500032922253,
        "min_ms": 0.8197500137612224
      },
      "ratio_fast_over_nanobind": 0.35560398059213066
    },
    "na1d_decode_causal_k9": {
      "fast_metal": {
        "max_ms": 0.37641701055690646,
        "mean_ms": 0.3107258307863958,
        "median_ms": 0.32022899540606886,
        "min_ms": 0.2328749978914857
      },
      "nanobind": {
        "max_ms": 0.9380420087836683,
        "mean_ms": 0.6458541635462703,
        "median_ms": 0.6705834966851398,
        "min_ms": 0.292791984975338
      },
      "ratio_fast_over_nanobind": 0.4775378412815705
    },
    "na2d_causal_k9": {
      "fast_metal": {
        "max_ms": 0.537874992005527,
        "mean_ms": 0.4974062539986335,
        "median_ms": 0.5028545128880069,
        "min_ms": 0.4360829771030694
      },
      "nanobind": {
        "max_ms": 0.8743749931454659,
        "mean_ms": 0.7983644973137416,
        "median_ms": 0.8075624937191606,
        "min_ms": 0.697832991136238
      },
      "ratio_fast_over_nanobind": 0.6226818565732951
    },
    "na3d_causal_k3": {
      "fast_metal": {
        "max_ms": 0.3011660010088235,
        "mean_ms": 0.23029499910383797,
        "median_ms": 0.2266670053359121,
        "min_ms": 0.18691702280193567
      },
      "nanobind": {
        "max_ms": 0.537874992005527,
        "mean_ms": 0.4486597463255748,
        "median_ms": 0.47287500638049096,
        "min_ms": 0.372791982954368
      },
      "ratio_fast_over_nanobind": 0.4793380962780856
    }
  },
  "warn_threshold": 0.97
}
