{
  "cases": {
    "na1d_causal_k9": {
      "fast_metal": {
        "max_ms": 0.394541013520211,
        "mean_ms": 0.35810392000712454,
        "median_ms": 0.3590205014916137,
        "min_ms": 0.33354098559357226
      },
      "nanobind": {
        "max_ms": 1.1561670107766986,
        "mean_ms": 1.070368081855122,
        "median_ms": 1.0596254869597033,
        "min_ms": 1.0046669922303408
      },
      "ratio_fast_over_nanobind": 0.3388182956241661
    },
    "na1d_decode_causal_k9": {
      "fast_metal": {
        "max_ms": 0.3780839906539768,
        "mean_ms": 0.2632150814558069,
        "median_ms": 0.2521244896342978,
        "min_ms": 0.24120800662785769
      },
      "nanobind": {
        "max_ms": 0.5912079941481352,
        "mean_ms": 0.553368081455119,
        "median_ms": 0.5466254951898009,
        "min_ms": 0.5307500250637531
      },
      "ratio_fast_over_nanobind": 0.4612380722321677
    },
    "na2d_causal_k9": {
      "fast_metal": {
        "max_ms": 1.2117919977754354,
        "mean_ms": 1.092197836745375,
        "median_ms": 1.0766454943222925,
        "min_ms": 1.0076249891426414
      },
      "nanobind": {
        "max_ms": 0.8413750038016587,
        "mean_ms": 0.693114413782799,
        "median_ms": 0.6982080085435882,
        "min_ms": 0.6174169830046594
      },
      "ratio_fast_over_nanobind": 1.5420125251328722
    },
    "na3d_causal_k3": {
      "fast_metal": {
        "max_ms": 0.43945800280198455,
        "mean_ms": 0.3071838339868312,
        "median_ms": 0.29633349913638085,
        "min_ms": 0.2792910090647638
      },
      "nanobind": {
        "max_ms": 1.0332920064684004,
        "mean_ms": 0.9352605023498958,
        "median_ms": 0.9324999991804361,
        "min_ms": 0.8569580095354468
      },
      "ratio_fast_over_nanobind": 0.31778391356227886
    }
  },
  "warn_threshold": 0.97
}
