{
  "cases": {
    "na1d_k7_s1_d1_noncausal": {
      "fast_metal": {
        "median_ms": 0.33720799547154456,
        "round_median_ms": [
          0.36337500205263495,
          0.3157290047965944,
          0.33720799547154456
        ],
        "stdev_ms": 0.019482756844485305
      },
      "nanobind": {
        "median_ms": 1.11966700933408,
        "round_median_ms": [
          1.084728995920159,
          1.11966700933408,
          1.1666250065900385
        ],
        "stdev_ms": 0.03355372946855863
      },
      "ratio_fast_over_nanobind": 0.301168108607664
    },
    "na2d_k7x7_s1_d1_noncausal": {
      "fast_metal": {
        "median_ms": 0.743437500204891,
        "round_median_ms": [
          0.7407709927065298,
          0.7671460043638945,
          0.743437500204891
        ],
        "stdev_ms": 0.011854884936047926
      },
      "nanobind": {
        "median_ms": 2.584813002613373,
        "round_median_ms": [
          2.584813002613373,
          2.710436994675547,
          2.3592920042574406
        ],
        "stdev_ms": 0.1452751842297253
      },
      "ratio_fast_over_nanobind": 0.28761751796096624
    },
    "na3d_k3x3x3_s1_d1_noncausal": {
      "fast_metal": {
        "median_ms": 0.38866649265401065,
        "round_median_ms": [
          0.3902289899997413,
          0.3775835066335276,
          0.38866649265401065
        ],
        "stdev_ms": 0.0056291130804340846
      },
      "nanobind": {
        "median_ms": 1.5487710043089464,
        "round_median_ms": [
          1.6302290023304522,
          1.5487710043089464,
          1.4517290110234171
        ],
        "stdev_ms": 0.07296483231980243
      },
      "ratio_fast_over_nanobind": 0.2509515555060586
    },
    "split_na2d_qk_grad_k_k7_s1_d1_noncausal": {
      "fast_metal": {
        "median_ms": 0.18108349468093365,
        "round_median_ms": [
          0.18108349468093365,
          0.1707914925646037,
          0.19272899953648448
        ],
        "stdev_ms": 0.008961629954946296
      },
      "nanobind": {
        "median_ms": 0.3592709981603548,
        "round_median_ms": [
          0.3592709981603548,
          0.37460400199051946,
          0.34572900040075183
        ],
        "stdev_ms": 0.011795726281563071
      },
      "ratio_fast_over_nanobind": 0.5040303715250346
    },
    "split_na3d_qk_grad_k_k3_s1_d1_noncausal": {
      "fast_metal": {
        "median_ms": 0.1425414957338944,
        "round_median_ms": [
          0.15256248298101127,
          0.1425414957338944,
          0.14097950770519674
        ],
        "stdev_ms": 0.005131875423368953
      },
      "nanobind": {
        "median_ms": 0.25029150128830224,
        "round_median_ms": [
          0.24204200599342585,
          0.25029150128830224,
          0.26222949963994324
        ],
        "stdev_ms": 0.00828723836183047
      },
      "ratio_fast_over_nanobind": 0.5695019407379147
    }
  },
  "warn_threshold": 0.8
}
