{
  "cases": {
    "na1d_causal_k9": {
      "fast_metal": {
        "max_ms": 0.7729589997325093,
        "mean_ms": 0.47344799774388474,
        "median_ms": 0.426208003773354,
        "min_ms": 0.33079201239161193
      },
      "nanobind": {
        "max_ms": 1.1137910187244415,
        "mean_ms": 0.8923439187735008,
        "median_ms": 0.8760630153119564,
        "min_ms": 0.693124980898574
      },
      "ratio_fast_over_nanobind": 0.4865038203006276
    },
    "na1d_decode_causal_k9": {
      "fast_metal": {
        "max_ms": 0.44254199019633234,
        "mean_ms": 0.28318391559878364,
        "median_ms": 0.2644374908413738,
        "min_ms": 0.2282499917782843
      },
      "nanobind": {
        "max_ms": 0.963500002399087,
        "mean_ms": 0.6699063354365838,
        "median_ms": 0.6360414990922436,
        "min_ms": 0.4067920090164989
      },
      "ratio_fast_over_nanobind": 0.41575509022410984
    },
    "na2d_causal_k9": {
      "fast_metal": {
        "max_ms": 1.0809169907588512,
        "mean_ms": 0.9620798300602473,
        "median_ms": 1.0108955029863864,
        "min_ms": 0.7161670073401183
      },
      "nanobind": {
        "max_ms": 0.8773330191615969,
        "mean_ms": 0.7481769183262562,
        "median_ms": 0.7409579993691295,
        "min_ms": 0.6680000224150717
      },
      "ratio_fast_over_nanobind": 1.3643087784288563
    },
    "na3d_causal_k3": {
      "fast_metal": {
        "max_ms": 0.35129100433550775,
        "mean_ms": 0.21694441723714894,
        "median_ms": 0.20556249364744872,
        "min_ms": 0.1916250039357692
      },
      "nanobind": {
        "max_ms": 0.49116602167487144,
        "mean_ms": 0.4170034153503366,
        "median_ms": 0.40322900167666376,
        "min_ms": 0.3692499885801226
      },
      "ratio_fast_over_nanobind": 0.5097909445816167
    }
  },
  "warn_threshold": 0.97
}
