{
  "cases": {
    "na1d_causal_k9": {
      "fast_metal": {
        "max_ms": 0.6650410068687052,
        "mean_ms": 0.46753124964501086,
        "median_ms": 0.46014550025574863,
        "min_ms": 0.33216699375770986
      },
      "nanobind": {
        "max_ms": 1.2055000115651637,
        "mean_ms": 1.0901494169957004,
        "median_ms": 1.1013335169991478,
        "min_ms": 0.984166981652379
      },
      "ratio_fast_over_nanobind": 0.41780758794077877
    },
    "na1d_decode_causal_k9": {
      "fast_metal": {
        "max_ms": 0.3494159900583327,
        "mean_ms": 0.28402757986138266,
        "median_ms": 0.28924951038789004,
        "min_ms": 0.23441697703674436
      },
      "nanobind": {
        "max_ms": 1.0452920105308294,
        "mean_ms": 0.7159651649999432,
        "median_ms": 0.6900834996486083,
        "min_ms": 0.44712499948218465
      },
      "ratio_fast_over_nanobind": 0.4191514657793968
    },
    "na2d_causal_k9": {
      "fast_metal": {
        "max_ms": 1.0340829903725535,
        "mean_ms": 0.7914513359234358,
        "median_ms": 0.7724585011601448,
        "min_ms": 0.7132920145522803
      },
      "nanobind": {
        "max_ms": 0.8834160107653588,
        "mean_ms": 0.8428609993037147,
        "median_ms": 0.8468535088468343,
        "min_ms": 0.7713750237599015
      },
      "ratio_fast_over_nanobind": 0.9121512671205748
    },
    "na3d_causal_k3": {
      "fast_metal": {
        "max_ms": 0.25441599427722394,
        "mean_ms": 0.2235623348193864,
        "median_ms": 0.22143749811220914,
        "min_ms": 0.19745799363590777
      },
      "nanobind": {
        "max_ms": 0.7245420129038393,
        "mean_ms": 0.5855833345170444,
        "median_ms": 0.5669164966093376,
        "min_ms": 0.5257079901639372
      },
      "ratio_fast_over_nanobind": 0.3905998492487013
    }
  },
  "warn_threshold": 0.97
}
