{
  "cases": {
    "na1d_k7_s1_d1_noncausal": {
      "fast_metal": {
        "median_ms": 0.3148124960716814,
        "round_median_ms": [
          0.3697500069392845,
          0.29858351626899093,
          0.3148124960716814
        ],
        "stdev_ms": 0.030452475323743986
      },
      "nanobind": {
        "median_ms": 1.0078960040118545,
        "round_median_ms": [
          1.0078960040118545,
          0.9982085030060261,
          1.0536250047152862
        ],
        "stdev_ms": 0.024166041009751223
      },
      "ratio_fast_over_nanobind": 0.3123462091511365
    },
    "na2d_k7x7_s1_d1_noncausal": {
      "fast_metal": {
        "median_ms": 0.6955625140108168,
        "round_median_ms": [
          0.7164794951677322,
          0.6920414889464155,
          0.6955625140108168
        ],
        "stdev_ms": 0.010786482622533806
      },
      "nanobind": {
        "median_ms": 4.523167008301243,
        "round_median_ms": [
          5.023520498070866,
          4.523167008301243,
          3.3271664869971573
        ],
        "stdev_ms": 0.7116793747944322
      },
      "ratio_fast_over_nanobind": 0.1537777651663691
    },
    "na3d_k3x3x3_s1_d1_noncausal": {
      "fast_metal": {
        "median_ms": 0.3295210044598207,
        "round_median_ms": [
          0.32187502074521035,
          0.3527704975567758,
          0.3295210044598207
        ],
        "stdev_ms": 0.01313828368481223
      },
      "nanobind": {
        "median_ms": 1.692479505436495,
        "round_median_ms": [
          1.7491039907326922,
          1.692479505436495,
          1.6690210031811148
        ],
        "stdev_ms": 0.033615338030777674
      },
      "ratio_fast_over_nanobind": 0.19469719036558517
    },
    "split_na2d_qk_grad_k_k7_s1_d1_noncausal": {
      "fast_metal": {
        "median_ms": 0.1861039927462116,
        "round_median_ms": [
          0.1861039927462116,
          0.18943748727906495,
          0.18560451280791312
        ],
        "stdev_ms": 0.0017014163807391493
      },
      "nanobind": {
        "median_ms": 1.0354789992561564,
        "round_median_ms": [
          1.0354789992561564,
          1.0344790061935782,
          1.0623330163070932
        ],
        "stdev_ms": 0.01290126650673837
      },
      "ratio_fast_over_nanobind": 0.1797274429321123
    },
    "split_na3d_qk_grad_k_k3_s1_d1_noncausal": {
      "fast_metal": {
        "median_ms": 0.1631874911254272,
        "round_median_ms": [
          0.15970799722708762,
          0.16652050544507802,
          0.1631874911254272
        ],
        "stdev_ms": 0.0027814091245619145
      },
      "nanobind": {
        "median_ms": 0.44516701018437743,
        "round_median_ms": [
          0.44522951066028327,
          0.4429374967003241,
          0.44516701018437743
        ],
        "stdev_ms": 0.001066039642670823
      },
      "ratio_fast_over_nanobind": 0.36657588588570134
    }
  },
  "warn_threshold": 0.8
}
