{
  "cases": {
    "na1d_k7_s1_d1_noncausal": {
      "fast_metal": {
        "median_ms": 0.5111875070724636,
        "round_median_ms": [
          0.4955835029250011,
          0.5453749909065664,
          0.5111875070724636
        ],
        "stdev_ms": 0.020793859327961402
      },
      "nanobind": {
        "median_ms": 1.6511665016878396,
        "round_median_ms": [
          1.6085204988485202,
          1.6891874984139577,
          1.6511665016878396
        ],
        "stdev_ms": 0.032950202442657485
      },
      "ratio_fast_over_nanobind": 0.30959173805302037
    },
    "na2d_k7x7_s1_d1_noncausal": {
      "fast_metal": {
        "median_ms": 1.392979480442591,
        "round_median_ms": [
          1.392979480442591,
          1.3933954905951396,
          0.8643545006634668
        ],
        "stdev_ms": 0.24929431765570476
      },
      "nanobind": {
        "median_ms": 5.006311999750324,
        "round_median_ms": [
          5.887749503017403,
          5.006311999750324,
          4.972312497557141
        ],
        "stdev_ms": 0.42375477044592924
      },
      "ratio_fast_over_nanobind": 0.2782446400687896
    },
    "na3d_k3x3x3_s1_d1_noncausal": {
      "fast_metal": {
        "median_ms": 0.31622899405192584,
        "round_median_ms": [
          0.3141670022159815,
          0.31622899405192584,
          0.338249999913387
        ],
        "stdev_ms": 0.010899374536464862
      },
      "nanobind": {
        "median_ms": 1.552207992062904,
        "round_median_ms": [
          1.552207992062904,
          1.551166016724892,
          1.5546040085610002
        ],
        "stdev_ms": 0.0014393824111334026
      },
      "ratio_fast_over_nanobind": 0.20372849235987603
    },
    "split_na2d_qk_grad_k_k7_s1_d1_noncausal": {
      "fast_metal": {
        "median_ms": 0.1743540051393211,
        "round_median_ms": [
          0.17629149078857154,
          0.17056299839168787,
          0.1743540051393211
        ],
        "stdev_ms": 0.0023791036580753126
      },
      "nanobind": {
        "median_ms": 1.0229164909105748,
        "round_median_ms": [
          1.0229164909105748,
          1.0210000036749989,
          1.049479003995657
        ],
        "stdev_ms": 0.01299698035008017
      },
      "ratio_fast_over_nanobind": 0.17044793655063228
    },
    "split_na3d_qk_grad_k_k3_s1_d1_noncausal": {
      "fast_metal": {
        "median_ms": 0.15643749793525785,
        "round_median_ms": [
          0.15643749793525785,
          0.17010400188155472,
          0.1529375003883615
        ],
        "stdev_ms": 0.007406544301856246
      },
      "nanobind": {
        "median_ms": 0.4201459960313514,
        "round_median_ms": [
          0.41481200605630875,
          0.4201459960313514,
          0.4257500113453716
        ],
        "stdev_ms": 0.0044658755070123525
      },
      "ratio_fast_over_nanobind": 0.3723408039418385
    }
  },
  "warn_threshold": 0.8
}
