{
  "cases": {
    "na1d_k7_s1_d1_noncausal": {
      "fast_metal": {
        "median_ms": 0.5446250142995268,
        "round_median_ms": [
          0.590000010561198,
          0.4992500180378556
        ],
        "stdev_ms": 0.045374996261671185
      },
      "nanobind": {
        "median_ms": 1.3559374929172918,
        "round_median_ms": [
          1.4086249866522849,
          1.3032499991822988
        ],
        "stdev_ms": 0.05268749373499304
      },
      "ratio_fast_over_nanobind": 0.40165938116201005
    },
    "na2d_k7x7_s1_d1_noncausal": {
      "fast_metal": {
        "median_ms": 1.469374488806352,
        "round_median_ms": [
          1.4825830003246665,
          1.4561659772880375
        ],
        "stdev_ms": 0.01320851151831448
      },
      "nanobind": {
        "median_ms": 4.31522898725234,
        "round_median_ms": [
          5.411916994489729,
          3.21854098001495
        ],
        "stdev_ms": 1.0966880072373897
      },
      "ratio_fast_over_nanobind": 0.3405090420802802
    },
    "na3d_k3x3x3_s1_d1_noncausal": {
      "fast_metal": {
        "median_ms": 0.5098749970784411,
        "round_median_ms": [
          0.514666986418888,
          0.5050830077379942
        ],
        "stdev_ms": 0.004791989340446889
      },
      "nanobind": {
        "median_ms": 1.637437497265637,
        "round_median_ms": [
          1.6651659971103072,
          1.6097089974209666
        ],
        "stdev_ms": 0.027728499844670296
      },
      "ratio_fast_over_nanobind": 0.31138592949647437
    },
    "split_na2d_qk_grad_k_k7_s1_d1_noncausal": {
      "fast_metal": {
        "median_ms": 0.26049949519801885,
        "round_median_ms": [
          0.2500409900676459,
          0.2709580003283918
        ],
        "stdev_ms": 0.010458505130372941
      },
      "nanobind": {
        "median_ms": 0.43699950037989765,
        "round_median_ms": [
          0.4394160059746355,
          0.4345829947851598
        ],
        "stdev_ms": 0.0024165055947378278
      },
      "ratio_fast_over_nanobind": 0.5961093661927721
    },
    "split_na3d_qk_grad_k_k3_s1_d1_noncausal": {
      "fast_metal": {
        "median_ms": 0.16972901357803494,
        "round_median_ms": [
          0.17350001144222915,
          0.16595801571384072
        ],
        "stdev_ms": 0.0037709978641942143
      },
      "nanobind": {
        "median_ms": 0.3030419902643189,
        "round_median_ms": [
          0.30854198848828673,
          0.29754199204035103
        ],
        "stdev_ms": 0.00549999822396785
      },
      "ratio_fast_over_nanobind": 0.5600841435538162
    }
  },
  "warn_threshold": 0.8
}
