{
  "cases": {
    "na1d_k7_s1_d1_noncausal": {
      "fast_metal": {
        "median_ms": 0.4787499929079786,
        "round_median_ms": [
          0.3711044992087409,
          0.4787499929079786,
          0.5024374986533076
        ],
        "stdev_ms": 0.057151851321520016
      },
      "nanobind": {
        "median_ms": 1.574750494910404,
        "round_median_ms": [
          1.574750494910404,
          1.5856245008762926,
          1.0749789944384247
        ],
        "stdev_ms": 0.23819894344735976
      },
      "ratio_fast_over_nanobind": 0.30401641050775935
    },
    "na2d_k7x7_s1_d1_noncausal": {
      "fast_metal": {
        "median_ms": 0.6708540167892352,
        "round_median_ms": [
          0.7316460105357692,
          0.6708540167892352,
          0.662958511384204
        ],
        "stdev_ms": 0.030688358359076247
      },
      "nanobind": {
        "median_ms": 2.897791506256908,
        "round_median_ms": [
          2.85220802470576,
          2.897791506256908,
          2.98820850730408
        ],
        "stdev_ms": 0.05651864897306408
      },
      "ratio_fast_over_nanobind": 0.23150527404774565
    },
    "na3d_k3x3x3_s1_d1_noncausal": {
      "fast_metal": {
        "median_ms": 0.4477079928619787,
        "round_median_ms": [
          0.43754151556640863,
          0.4742290038848296,
          0.4477079928619787
        ],
        "stdev_ms": 0.015465707891941637
      },
      "nanobind": {
        "median_ms": 1.748313006828539,
        "round_median_ms": [
          1.748313006828539,
          1.784374995622784,
          1.5753749903524294
        ],
        "stdev_ms": 0.09121953176662184
      },
      "ratio_fast_over_nanobind": 0.25607999889798133
    },
    "split_na2d_qk_grad_k_k7_s1_d1_noncausal": {
      "fast_metal": {
        "median_ms": 0.22060400806367397,
        "round_median_ms": [
          0.23433301248587668,
          0.22060400806367397,
          0.21960449521429837
        ],
        "stdev_ms": 0.006719902523930182
      },
      "nanobind": {
        "median_ms": 0.47229151823557913,
        "round_median_ms": [
          0.47229151823557913,
          0.4805209900951013,
          0.4547499993350357
        ],
        "stdev_ms": 0.010747470282092627
      },
      "ratio_fast_over_nanobind": 0.467092885529307
    },
    "split_na3d_qk_grad_k_k3_s1_d1_noncausal": {
      "fast_metal": {
        "median_ms": 0.16162500833161175,
        "round_median_ms": [
          0.16150000737980008,
          0.16195850912481546,
          0.16162500833161175
        ],
        "stdev_ms": 0.0001935263023190272
      },
      "nanobind": {
        "median_ms": 0.30795800557825714,
        "round_median_ms": [
          0.3064170014113188,
          0.3137085004709661,
          0.30795800557825714
        ],
        "stdev_ms": 0.0031377423570039613
      },
      "ratio_fast_over_nanobind": 0.5248280785171542
    }
  },
  "warn_threshold": 0.8
}
