{
  "cases": {
    "na1d_k7_s1_d1_noncausal": {
      "fast_metal": {
        "median_ms": 0.5117705004522577,
        "round_median_ms": [
          0.7064170058583841,
          0.5117705004522577,
          0.48733300354797393
        ],
        "stdev_ms": 0.09802621723583943
      },
      "nanobind": {
        "median_ms": 1.6184579872060567,
        "round_median_ms": [
          1.6170000162674114,
          1.6184579872060567,
          1.8847289902623743
        ],
        "stdev_ms": 0.12586640901468638
      },
      "ratio_fast_over_nanobind": 0.31620870266501444
    },
    "na2d_k7x7_s1_d1_noncausal": {
      "fast_metal": {
        "median_ms": 0.934583498747088,
        "round_median_ms": [
          1.1421249946579337,
          0.934583498747088,
          0.8462914993287995
        ],
        "stdev_ms": 0.12400107824120969
      },
      "nanobind": {
        "median_ms": 2.6545210130279884,
        "round_median_ms": [
          2.9866874974686652,
          2.6545210130279884,
          2.287583498400636
        ],
        "stdev_ms": 0.28552565841881644
      },
      "ratio_fast_over_nanobind": 0.35207236791884233
    },
    "na3d_k3x3x3_s1_d1_noncausal": {
      "fast_metal": {
        "median_ms": 0.35172900243196636,
        "round_median_ms": [
          0.38916649646125734,
          0.35172900243196636,
          0.3462705062702298
        ],
        "stdev_ms": 0.019065463580952454
      },
      "nanobind": {
        "median_ms": 1.4768755063414574,
        "round_median_ms": [
          1.4402704982785508,
          1.4768755063414574,
          1.478562000556849
        ],
        "stdev_ms": 0.01766669819101878
      },
      "ratio_fast_over_nanobind": 0.23815751627114176
    },
    "split_na2d_qk_grad_k_k7_s1_d1_noncausal": {
      "fast_metal": {
        "median_ms": 0.1881039934232831,
        "round_median_ms": [
          0.1848545070970431,
          0.1881039934232831,
          0.19272899953648448
        ],
        "stdev_ms": 0.003231055453810555
      },
      "nanobind": {
        "median_ms": 0.4057080077473074,
        "round_median_ms": [
          0.4049379931529984,
          0.4057080077473074,
          0.4123745020478964
        ],
        "stdev_ms": 0.0033389408380358368
      },
      "ratio_fast_over_nanobind": 0.46364377786805344
    },
    "split_na3d_qk_grad_k_k3_s1_d1_noncausal": {
      "fast_metal": {
        "median_ms": 0.15885398897808045,
        "round_median_ms": [
          0.1608125021448359,
          0.15885398897808045,
          0.15822947898413986
        ],
        "stdev_ms": 0.0011003936268232078
      },
      "nanobind": {
        "median_ms": 0.31258349190466106,
        "round_median_ms": [
          0.3256255149608478,
          0.29608300246763974,
          0.31258349190466106
        ],
        "stdev_ms": 0.01208819700493333
      },
      "ratio_fast_over_nanobind": 0.5081969876596407
    }
  },
  "warn_threshold": 0.8
}
