{
  "cases": {
    "na1d_k7_s1_d1_noncausal": {
      "fast_metal": {
        "median_ms": 0.5750414857175201,
        "round_median_ms": [
          0.5403329851105809,
          0.6097499863244593
        ],
        "stdev_ms": 0.0347085006069392
      },
      "nanobind": {
        "median_ms": 1.5287499991245568,
        "round_median_ms": [
          1.9604580011218786,
          1.097041997127235
        ],
        "stdev_ms": 0.43170800199732184
      },
      "ratio_fast_over_nanobind": 0.3761514217804215
    },
    "na2d_k7x7_s1_d1_noncausal": {
      "fast_metal": {
        "median_ms": 0.8200000011129305,
        "round_median_ms": [
          0.8377920021302998,
          0.8022080000955611
        ],
        "stdev_ms": 0.01779200101736933
      },
      "nanobind": {
        "median_ms": 2.9876040061935782,
        "round_median_ms": [
          2.9939580126665533,
          2.9812499997206032
        ],
        "stdev_ms": 0.006354006472975016
      },
      "ratio_fast_over_nanobind": 0.27446743256904027
    },
    "na3d_k3x3x3_s1_d1_noncausal": {
      "fast_metal": {
        "median_ms": 0.42233351268805563,
        "round_median_ms": [
          0.4009170224890113,
          0.4437500028871
        ],
        "stdev_ms": 0.021416490199044347
      },
      "nanobind": {
        "median_ms": 2.3215835099108517,
        "round_median_ms": [
          2.1939170255791396,
          2.449249994242564
        ],
        "stdev_ms": 0.12766648433171213
      },
      "ratio_fast_over_nanobind": 0.18191614080868154
    },
    "split_na2d_qk_grad_k_k7_s1_d1_noncausal": {
      "fast_metal": {
        "median_ms": 0.26418748893775046,
        "round_median_ms": [
          0.2722499775700271,
          0.2561250003054738
        ],
        "stdev_ms": 0.008062488632276654
      },
      "nanobind": {
        "median_ms": 0.640812490019016,
        "round_median_ms": [
          0.6254999898374081,
          0.6561249902006239
        ],
        "stdev_ms": 0.015312500181607902
      },
      "ratio_fast_over_nanobind": 0.41226956879369
    },
    "split_na3d_qk_grad_k_k3_s1_d1_noncausal": {
      "fast_metal": {
        "median_ms": 0.2052710042335093,
        "round_median_ms": [
          0.213916995562613,
          0.1966250129044056
        ],
        "stdev_ms": 0.008645991329103708
      },
      "nanobind": {
        "median_ms": 0.43502048356458545,
        "round_median_ms": [
          0.4844999930355698,
          0.3855409740936011
        ],
        "stdev_ms": 0.04947950947098434
      },
      "ratio_fast_over_nanobind": 0.4718651465593198
    }
  },
  "warn_threshold": 0.8
}
