{
  "cases": {
    "na1d_causal_k9": {
      "fast_metal": {
        "max_ms": 0.672875001328066,
        "mean_ms": 0.4329931689426303,
        "median_ms": 0.3992709971498698,
        "min_ms": 0.33058301778510213
      },
      "nanobind": {
        "max_ms": 0.598999991780147,
        "mean_ms": 0.4793646706578632,
        "median_ms": 0.46637550985906273,
        "min_ms": 0.4219170077703893
      },
      "ratio_fast_over_nanobind": 0.8561148446035005
    },
    "na1d_decode_causal_k9": {
      "fast_metal": {
        "max_ms": 0.21504200412891805,
        "mean_ms": 0.19025016808882356,
        "median_ms": 0.19160450028721243,
        "min_ms": 0.17020798986777663
      },
      "nanobind": {
        "max_ms": 0.5449579912237823,
        "mean_ms": 0.3591318381950259,
        "median_ms": 0.3274165064794943,
        "min_ms": 0.29658302082680166
      },
      "ratio_fast_over_nanobind": 0.5852011016408923
    },
    "na2d_causal_k9": {
      "fast_metal": {
        "max_ms": 0.7279169803950936,
        "mean_ms": 0.6049306684872136,
        "median_ms": 0.607521491474472,
        "min_ms": 0.4145410202909261
      },
      "nanobind": {
        "max_ms": 0.6005839968565851,
        "mean_ms": 0.4868682541806872,
        "median_ms": 0.4820419999305159,
        "min_ms": 0.44229201739653945
      },
      "ratio_fast_over_nanobind": 1.2603082128985512
    },
    "na3d_causal_k3": {
      "fast_metal": {
        "max_ms": 0.23095798678696156,
        "mean_ms": 0.19506232880909616,
        "median_ms": 0.19370797963347286,
        "min_ms": 0.17420799122191966
      },
      "nanobind": {
        "max_ms": 0.514000013936311,
        "mean_ms": 0.36176733071139705,
        "median_ms": 0.3383129806024954,
        "min_ms": 0.31400000443682075
      },
      "ratio_fast_over_nanobind": 0.5725703438529077
    }
  },
  "warn_threshold": 0.97
}
