{
  "cases": {
    "na1d_causal_k9": {
      "fast_metal": {
        "max_ms": 1.4118330145720392,
        "mean_ms": 0.6248124191188253,
        "median_ms": 0.39366650162264705,
        "min_ms": 0.3407500043977052
      },
      "nanobind": {
        "max_ms": 2.587374998256564,
        "mean_ms": 1.2763470828455563,
        "median_ms": 1.0386665089754388,
        "min_ms": 0.9143339993897825
      },
      "ratio_fast_over_nanobind": 0.3790114519153674
    },
    "na1d_decode_causal_k9": {
      "fast_metal": {
        "max_ms": 0.500541995279491,
        "mean_ms": 0.25910058805796626,
        "median_ms": 0.22756251564715058,
        "min_ms": 0.2036660152953118
      },
      "nanobind": {
        "max_ms": 1.1629580112639815,
        "mean_ms": 0.766642413509544,
        "median_ms": 0.6977915036259219,
        "min_ms": 0.5496249941643327
      },
      "ratio_fast_over_nanobind": 0.3261182093285335
    },
    "na2d_causal_k9": {
      "fast_metal": {
        "max_ms": 1.5809170145075768,
        "mean_ms": 0.9274096664739773,
        "median_ms": 0.7999789959285408,
        "min_ms": 0.6427089974749833
      },
      "nanobind": {
        "max_ms": 1.6060000052675605,
        "mean_ms": 1.2227395879259955,
        "median_ms": 1.1814789904747158,
        "min_ms": 0.9741670219227672
      },
      "ratio_fast_over_nanobind": 0.6770996373004575
    },
    "na3d_causal_k3": {
      "fast_metal": {
        "max_ms": 0.28091701096855104,
        "mean_ms": 0.2210729993142498,
        "median_ms": 0.22002100013196468,
        "min_ms": 0.18979201558977365
      },
      "nanobind": {
        "max_ms": 0.9207919938489795,
        "mean_ms": 0.6812289963515165,
        "median_ms": 0.65335349063389,
        "min_ms": 0.5573329981416464
      },
      "ratio_fast_over_nanobind": 0.33675644698629853
    }
  },
  "warn_threshold": 0.97
}
