{
  "cases": {
    "na1d_causal_k9": {
      "fast_metal": {
        "max_ms": 0.7833749987185001,
        "mean_ms": 0.4034026666583183,
        "median_ms": 0.3695210034493357,
        "min_ms": 0.33616702421568334
      },
      "nanobind": {
        "max_ms": 1.8244170059915632,
        "mean_ms": 1.413267416258653,
        "median_ms": 1.3585834967670962,
        "min_ms": 1.3010420079808682
      },
      "ratio_fast_over_nanobind": 0.2719899103210461
    },
    "na1d_decode_causal_k9": {
      "fast_metal": {
        "max_ms": 0.2980419958475977,
        "mean_ms": 0.25678483992426965,
        "median_ms": 0.2511040074750781,
        "min_ms": 0.24291701265610754
      },
      "nanobind": {
        "max_ms": 0.6168340041767806,
        "mean_ms": 0.5489760054236589,
        "median_ms": 0.5456465005408973,
        "min_ms": 0.5091250059194863
      },
      "ratio_fast_over_nanobind": 0.46019539615146376
    },
    "na2d_causal_k9": {
      "fast_metal": {
        "max_ms": 0.6257079949136823,
        "mean_ms": 0.4883331639575772,
        "median_ms": 0.4876454913755879,
        "min_ms": 0.42095797834917903
      },
      "nanobind": {
        "max_ms": 1.237458985997364,
        "mean_ms": 1.1544619167883259,
        "median_ms": 1.163292006822303,
        "min_ms": 1.0562079842202365
      },
      "ratio_fast_over_nanobind": 0.4191943970350666
    },
    "na3d_causal_k3": {
      "fast_metal": {
        "max_ms": 0.3281670215073973,
        "mean_ms": 0.23012167609219128,
        "median_ms": 0.22449999232776463,
        "min_ms": 0.2079170080833137
      },
      "nanobind": {
        "max_ms": 0.7813749834895134,
        "mean_ms": 0.6489790830528364,
        "median_ms": 0.6410205096472055,
        "min_ms": 0.6052500102669001
      },
      "ratio_fast_over_nanobind": 0.3502227915473739
    }
  },
  "warn_threshold": 0.97
}
