{
  "cases": {
    "na1d_causal_k9": {
      "fast_metal": {
        "max_ms": 0.5658750014845282,
        "mean_ms": 0.39881957733693224,
        "median_ms": 0.3810834896285087,
        "min_ms": 0.33837498631328344
      },
      "nanobind": {
        "max_ms": 1.2682910019066185,
        "mean_ms": 0.8492950000800192,
        "median_ms": 0.7985414995346218,
        "min_ms": 0.7605830032844096
      },
      "ratio_fast_over_nanobind": 0.4772244020512378
    },
    "na1d_decode_causal_k9": {
      "fast_metal": {
        "max_ms": 0.35316700814291835,
        "mean_ms": 0.21084374505638456,
        "median_ms": 0.19595799676608294,
        "min_ms": 0.1782500185072422
      },
      "nanobind": {
        "max_ms": 0.47274999087676406,
        "mean_ms": 0.4134409997883874,
        "median_ms": 0.4175630019744858,
        "min_ms": 0.3832500078715384
      },
      "ratio_fast_over_nanobind": 0.469289654110822
    },
    "na2d_causal_k9": {
      "fast_metal": {
        "max_ms": 0.6397079851012677,
        "mean_ms": 0.5113401687898053,
        "median_ms": 0.48956251703202724,
        "min_ms": 0.4617910017259419
      },
      "nanobind": {
        "max_ms": 1.001916010864079,
        "mean_ms": 0.8342500053307352,
        "median_ms": 0.8037709922064096,
        "min_ms": 0.7529580034315586
      },
      "ratio_fast_over_nanobind": 0.6090820915148265
    },
    "na3d_causal_k3": {
      "fast_metal": {
        "max_ms": 0.33654100843705237,
        "mean_ms": 0.20929858146701008,
        "median_ms": 0.196917011635378,
        "min_ms": 0.1934169849846512
      },
      "nanobind": {
        "max_ms": 0.6267499993555248,
        "mean_ms": 0.5624513335836431,
        "median_ms": 0.5538540135603398,
        "min_ms": 0.5192079988773912
      },
      "ratio_fast_over_nanobind": 0.35553955882622634
    }
  },
  "warn_threshold": 0.97
}
