{
  "cases": {
    "na1d_k7_s1_d1_noncausal": {
      "fast_metal": {
        "median_ms": 0.33460400300100446,
        "round_median_ms": [
          0.3299999953014776,
          0.3757919912459329,
          0.33460400300100446
        ],
        "stdev_ms": 0.020587358999419124
      },
      "nanobind": {
        "median_ms": 1.271187502425164,
        "round_median_ms": [
          1.2043540045851842,
          1.271187502425164,
          1.4135624951450154
        ],
        "stdev_ms": 0.08724521477347456
      },
      "ratio_fast_over_nanobind": 0.2632215958406206
    },
    "na2d_k7x7_s1_d1_noncausal": {
      "fast_metal": {
        "median_ms": 1.364208001177758,
        "round_median_ms": [
          1.3689784973394126,
          1.364208001177758,
          1.097958505852148
        ],
        "stdev_ms": 0.12665060739448483
      },
      "nanobind": {
        "median_ms": 3.8172499916981906,
        "round_median_ms": [
          4.221896000672132,
          3.8172499916981906,
          2.715708498726599
        ],
        "stdev_ms": 0.6364600750621926
      },
      "ratio_fast_over_nanobind": 0.3573797902009711
    },
    "na3d_k3x3x3_s1_d1_noncausal": {
      "fast_metal": {
        "median_ms": 0.34314651566091925,
        "round_median_ms": [
          0.34314651566091925,
          0.3581255004974082,
          0.33331250597257167
        ],
        "stdev_ms": 0.010202191652188424
      },
      "nanobind": {
        "median_ms": 1.2679794890573248,
        "round_median_ms": [
          1.3238539977464825,
          1.2679794890573248,
          1.2605415104189888
        ],
        "stdev_ms": 0.02825627815995186
      },
      "ratio_fast_over_nanobind": 0.27062465806606256
    },
    "split_na2d_qk_grad_k_k7_s1_d1_noncausal": {
      "fast_metal": {
        "median_ms": 0.1780414895620197,
        "round_median_ms": [
          0.17829150601755828,
          0.1780414895620197,
          0.17449998995289207
        ],
        "stdev_ms": 0.0017314195132611487
      },
      "nanobind": {
        "median_ms": 0.37366650940384716,
        "round_median_ms": [
          0.37366650940384716,
          0.3732914919964969,
          0.3794164949795231
        ],
        "stdev_ms": 0.0028031457273407293
      },
      "ratio_fast_over_nanobind": 0.4764716266546596
    },
    "split_na3d_qk_grad_k_k3_s1_d1_noncausal": {
      "fast_metal": {
        "median_ms": 0.15189599071163684,
        "round_median_ms": [
          0.14752050628885627,
          0.15189599071163684,
          0.1590830070199445
        ],
        "stdev_ms": 0.004766660728507854
      },
      "nanobind": {
        "median_ms": 0.24893799854908139,
        "round_median_ms": [
          0.28075049340259284,
          0.2442084951326251,
          0.24893799854908139
        ],
        "stdev_ms": 0.016226592265418616
      },
      "ratio_fast_over_nanobind": 0.6101759940103663
    }
  },
  "warn_threshold": 0.8
}
