{
  "cases": {
    "na1d_k7_s1_d1_noncausal": {
      "fast_metal": {
        "median_ms": 0.5085000011604279,
        "round_median_ms": [
          0.5085000011604279,
          0.48404150584246963,
          0.7148330041673034
        ],
        "stdev_ms": 0.10351395065512005
      },
      "nanobind": {
        "median_ms": 1.5756665088701993,
        "round_median_ms": [
          1.6332914965460077,
          1.5756665088701993,
          1.5681664808653295
        ],
        "stdev_ms": 0.029094018652407037
      },
      "ratio_fast_over_nanobind": 0.322720574625298
    },
    "na2d_k7x7_s1_d1_noncausal": {
      "fast_metal": {
        "median_ms": 1.352249993942678,
        "round_median_ms": [
          1.3767079944955185,
          1.352249993942678,
          1.2993745040148497
        ],
        "stdev_ms": 0.032273966075313396
      },
      "nanobind": {
        "median_ms": 5.04927099973429,
        "round_median_ms": [
          5.925625504460186,
          5.04927099973429,
          5.007896004826762
        ],
        "stdev_ms": 0.42320687647406136
      },
      "ratio_fast_over_nanobind": 0.2678109362745311
    },
    "na3d_k3x3x3_s1_d1_noncausal": {
      "fast_metal": {
        "median_ms": 0.328479494783096,
        "round_median_ms": [
          0.32733348780311644,
          0.3515834978315979,
          0.328479494783096
        ],
        "stdev_ms": 0.01117124918532092
      },
      "nanobind": {
        "median_ms": 1.694562000920996,
        "round_median_ms": [
          1.563874990097247,
          1.694562000920996,
          1.7003959947032854
        ],
        "stdev_ms": 0.06302655082506492
      },
      "ratio_fast_over_nanobind": 0.19384330263783037
    },
    "split_na2d_qk_grad_k_k7_s1_d1_noncausal": {
      "fast_metal": {
        "median_ms": 0.17852100427262485,
        "round_median_ms": [
          0.17852100427262485,
          0.17481250688433647,
          0.19856249855365604
        ],
        "stdev_ms": 0.010432196690951509
      },
      "nanobind": {
        "median_ms": 1.0243955039186403,
        "round_median_ms": [
          1.033104519592598,
          1.0243955039186403,
          1.0186044964939356
        ],
        "stdev_ms": 0.005959431282186929
      },
      "ratio_fast_over_nanobind": 0.17426960933518834
    },
    "split_na3d_qk_grad_k_k3_s1_d1_noncausal": {
      "fast_metal": {
        "median_ms": 0.15168750542216003,
        "round_median_ms": [
          0.15168750542216003,
          0.15583349158987403,
          0.1424790098099038
        ],
        "stdev_ms": 0.005580997285983282
      },
      "nanobind": {
        "median_ms": 0.4329999937908724,
        "round_median_ms": [
          0.41356199653819203,
          0.4329999937908724,
          0.4452084976946935
        ],
        "stdev_ms": 0.013031518800428417
      },
      "ratio_fast_over_nanobind": 0.35031756950883725
    }
  },
  "warn_threshold": 0.8
}
