{
  "cases": {
    "na1d_k7_s1_d1_noncausal": {
      "fast_metal": {
        "median_ms": 0.5592289962805808,
        "round_median_ms": [
          0.5303749931044877,
          0.5880829994566739
        ],
        "stdev_ms": 0.0288540031760931
      },
      "nanobind": {
        "median_ms": 1.5037499979371205,
        "round_median_ms": [
          1.9144999969284981,
          1.0929999989457428
        ],
        "stdev_ms": 0.41074999899137765
      },
      "ratio_fast_over_nanobind": 0.3718896073467958
    },
    "na2d_k7x7_s1_d1_noncausal": {
      "fast_metal": {
        "median_ms": 0.8357920014532283,
        "round_median_ms": [
          0.8425840060226619,
          0.8289999968837947
        ],
        "stdev_ms": 0.0067920045694336295
      },
      "nanobind": {
        "median_ms": 2.6420210051583126,
        "round_median_ms": [
          2.6866670232266188,
          2.5973749870900065
        ],
        "stdev_ms": 0.04464601806830615
      },
      "ratio_fast_over_nanobind": 0.3163457064956782
    },
    "na3d_k3x3x3_s1_d1_noncausal": {
      "fast_metal": {
        "median_ms": 0.4166040162090212,
        "round_median_ms": [
          0.3946250071749091,
          0.4385830252431333
        ],
        "stdev_ms": 0.021979009034112096
      },
      "nanobind": {
        "median_ms": 1.7947909946087748,
        "round_median_ms": [
          1.64804098312743,
          1.9415410060901195
        ],
        "stdev_ms": 0.1467500114813447
      },
      "ratio_fast_over_nanobind": 0.23211840122912572
    },
    "split_na2d_qk_grad_k_k7_s1_d1_noncausal": {
      "fast_metal": {
        "median_ms": 0.25589550205040723,
        "round_median_ms": [
          0.27658301405608654,
          0.23520799004472792
        ],
        "stdev_ms": 0.02068751200567931
      },
      "nanobind": {
        "median_ms": 0.561624503461644,
        "round_median_ms": [
          0.5575410032179207,
          0.5657080037053674
        ],
        "stdev_ms": 0.0040835002437233925
      },
      "ratio_fast_over_nanobind": 0.4556345039669081
    },
    "split_na3d_qk_grad_k_k3_s1_d1_noncausal": {
      "fast_metal": {
        "median_ms": 0.18808350432664156,
        "round_median_ms": [
          0.17820802167989314,
          0.19795898697338998
        ],
        "stdev_ms": 0.009875482646748424
      },
      "nanobind": {
        "median_ms": 0.38168751052580774,
        "round_median_ms": [
          0.3879580181092024,
          0.3754170029424131
        ],
        "stdev_ms": 0.006270507583394647
      },
      "ratio_fast_over_nanobind": 0.492768296420127
    }
  },
  "warn_threshold": 0.8
}
